title,t-SNE - multiple sets,,
plot_type,scatter,,
x_label,Component 1,,
y_label,Component 2,,
color,#1abc9c,,#a121dd
axis_x,axis_y,axis_x,axis_y
43.3788,-17.5524,-40.4417,-12.0145
10.6184,5.4947,37.7498,21.3444
11.1043,5.54,-30.5138,-1.6809
38.4774,-5.4119,-42.3011,-29.9781
24.8802,4.237,-36.6777,-23.4224
33.329,-4.0818,-38.0462,-28.9829
0.7269,-12.9486,-36.4692,-31.076
0.7385,-12.9096,-33.1853,-30.5908
33.8414,1.1801,-32.3052,-33.6544
3.3428,6.9979,-32.5228,-34.9672
-12.9784,8.9153,42.6037,-34.9907
26.158,4.293,3.3191,-17.575
43.1851,-19.9153,5.7066,-23.8983
11.8898,6.0498,1.8687,-16.9584
12.1984,13.0844,31.1829,1.8124
-9.8279,14.4069,30.6373,3.1556
29.335,12.7224,18.1244,8.9844
-13.4509,9.2498,19.5129,8.2495
-12.3734,9.4678,43.5263,5.0151
22.4977,5.9187,54.0186,-12.8267
-10.6422,9.3766,27.6295,20.5662
-11.6232,9.4903,13.2077,18.2101
-9.7731,10.127,26.699,20.8704
-16.9858,5.207,1.7632,28.6582
-15.8278,5.5619,-13.1251,11.572
-19.1198,-3.9672,-18.1143,6.9348
-18.7901,-2.6214,-35.8646,16.6543
-18.8982,-2.9985,6.6987,23.4708
-18.7301,3.0623,37.9462,19.7398
-18.9649,-3.3915,-26.2992,11.8957
-16.8205,2.8723,-55.4141,1.4051
-18.6669,-1.9639,-31.745,19.2719
-16.7271,2.6019,50.5421,5.6503
-16.782,1.5663,-47.405,-2.6066
-24.2748,-36.7736,-42.2058,-10.183
-23.749,-35.71,8.6916,37.3518
-24.9338,-37.1183,-48.3047,-2.6201
-25.4334,-37.2857,-49.0622,-7.0429
-25.841,-39.3397,-31.0567,6.4316
-26.1565,-38.8244,-34.0762,-19.9314
-25.5288,-39.67,-27.6933,1.717
-24.6099,-39.0835,-24.1957,5.7521
-25.5857,-39.9698,-11.4992,30.5302
-32.1241,-39.4505,28.2521,25.5243
-33.1554,-39.5992,12.652,36.2462
42.8225,-39.3335,-31.2799,-4.8101
30.9152,-11.9495,-42.1256,-29.6352
42.4192,-6.2337,-40.4633,-28.3112
36.5285,-8.9268,-34.6243,-23.5072
20.643,5.8827,-34.678,-24.9367
-0.5781,8.0611,-38.1066,-31.7955
-9.4726,9.6978,-37.1352,-33.8611
8.9182,8.4512,-37.5448,-32.884
3.4841,7.888,-32.7425,-36.98
18.5325,7.4712,-33.6755,-38.3979
6.1613,12.4093,42.0359,-34.8892
21.5091,5.1575,6.1281,-22.3323
35.6605,-8.0174,1.4763,-17.7779
3.8124,6.4617,24.3175,18.7115
-12.6579,10.5239,39.6728,8.525
-17.0741,6.0448,26.3871,21.878
13.1337,6.3374,7.5208,10.8926
35.8964,-7.8644,19.4478,9.3981
-5.3127,19.9237,17.2476,10.4071
-18.0603,5.505,-3.3255,19.7025
39.612,4.992,4.6636,16.2085
-0.7378,21.4662,36.8744,13.0502
-16.0431,11.9824,14.1775,28.2157
-18.2874,5.6954,16.6414,13.7578
-11.8025,10.6701,27.9399,20.4896
-7.5259,15.4525,1.4155,29.7426
-8.3565,18.7477,-28.0321,18.4178
-19.1129,3.8654,-33.2355,17.6907
-44.9886,-22.0804,-32.7771,13.2948
-44.915,-25.6637,19.9513,30.1889
-41.4431,-23.8775,-38.0317,5.4362
-45.2875,-25.3194,-38.5995,3.0219
-43.4532,-25.5528,-23.4877,15.5626
-41.9084,-30.8588,-51.3705,1.7471
-41.8564,-32.0596,-49.8631,1.921
-38.2426,-30.0853,-46.2951,-11.0704
-45.7077,-25.2153,-49.9504,-1.7952
-28.9261,-5.7285,-47.1359,-3.4888
-29.5331,-34.8645,-36.5942,-2.4164
-29.1513,-36.4022,-38.7005,-7.4017
-28.0999,-35.3535,-40.8541,-26.9611
-28.457,-38.2027,-28.7266,1.5999
-29.7256,-37.5889,-30.2372,0.2033
-27.4503,-40.7898,-16.3159,29.8894
-27.3827,-40.7433,-38.6691,-5.921
42.5657,-40.6934,-37.9313,-4.8703
31.0171,-12.0108,-40.4427,-15.1443
27.7649,12.6322,-41.0356,-28.4944
29.2455,3.2089,-43.1581,-20.1783
-0.9925,7.0447,-38.8338,-22.3583
-1.9253,6.8058,-33.8646,-23.6283
-5.1948,6.698,-39.1707,-23.3975
-16.379,4.3688,-35.5315,-24.7348
14.0011,12.0007,-35.2067,-15.9823
21.824,4.7884,-35.2586,-30.3113
11.5051,6.5348,41.6741,-35.7898
7.5693,5.9133,4.3015,-18.4054
4.2984,6.5377,1.5988,-16.7339
7.6048,12.2055,-1.3463,18.0965
-11.138,10.9044,-7.2132,13.4067
-9.8116,11.5189,18.5305,16.6261
-12.01,12.3044,16.4778,14.5119
13.0276,16.7591,36.3388,13.0093
-19.1003,9.1172,27.6312,20.1356
-17.4182,4.7165,-9.323,14.5144
-44.8403,-22.6311,17.2197,17.4563
-6.1003,19.2794,42.5059,11.8591
-5.8644,19.9008,10.2416,16.3063
-10.7682,12.1287,10.9993,12.8856
-19.2479,5.0123,37.3295,18.1029
-14.0508,18.7887,27.8175,10.3521
-15.898,12.6567,3.9089,30.4534
-44.6448,-18.6842,-10.1521,15.3169
-42.6968,-22.9435,-0.5616,33.8953
-43.213,-27.1572,28.3439,27.5392
-26.9202,-18.4408,-2.3567,33.4349
-27.6762,-25.3183,-31.4514,18.2537
-35.499,-28.6216,-50.3722,-5.7779
-40.4992,-24.5922,-41.0759,-16.4004
-40.8605,-29.3237,-31.9844,-18.0228
-40.0755,-31.504,-30.6266,1.0981
-29.4498,-5.9418,-38.0849,2.9715
-26.8898,-4.2147,-47.3089,-6.3942
-34.2375,-34.3648,-37.003,0.1533
-34.521,-35.7182,-41.9347,-7.482
-3.9957,17.4217,-45.5796,-18.9001
-27.2068,-5.8367,-37.1981,-7.2977
-29.4059,-35.9492,-32.7274,-0.0347
-27.7738,-36.2145,6.5192,38.1512
-27.1052,-6.9745,-14.3922,30.4104
41.8365,-40.716,-15.3788,29.1288
25.1307,15.3195,28.6497,26.9499
24.1824,18.7788,-7.0084,34.3037
52.4823,1.1721,-38.3075,-26.6276
5.8038,16.554,-40.9641,-27.6966
2.3139,6.6253,-38.1375,-26.4704
1.7331,6.7205,-37.8504,-27.1467
-5.7548,7.0942,-34.039,-22.0963
-3.6303,17.0062,-32.1208,-28.2019
15.2431,17.4231,-32.5125,-25.0833
24.9071,3.5069,40.3088,-38.3354
8.7647,7.0894,23.1768,19.0302
8.8409,11.9629,1.3567,16.7861
6.7899,6.7516,-2.1997,10.0325
2.7278,8.3538,5.8116,14.7289
7.2592,12.6691,-1.8937,15.4287
-6.8319,17.9934,12.0983,11.964
-6.8345,20.3005,17.0352,14.954
-19.8437,8.9934,9.9294,33.2138
-20.8903,1.97,3.5503,9.2014
-15.4161,13.3006,26.9501,24.418
45.8991,11.3713,34.7939,23.6123
-8.554,20.3987,9.2833,-27.2699
-22.4745,10.7625,4.432,-21.3939
-34.8156,12.7678,50.0756,1.821
27.3493,25.6301,41.7768,3.2368
-21.7136,10.3847,9.5982,25.4619
-36.9982,-10.7532,-21.5816,21.3126
-39.7108,-15.6289,8.0203,36.8566
-28.044,-18.8748,-48.2813,1.5813
-1.3857,-21.8707,-24.9867,21.7146
5.0593,-26.9559,5.326,36.8395
-8.5933,-20.3268,-26.2298,4.7628
-32.2745,-20.6834,-4.5057,-20.4333
-37.4584,-24.6765,-1.568,-21.1856
-36.5394,-32.3018,-11.3523,-18.9562
-29.997,-34.7242,-8.3859,30.982
-35.1466,-30.6234,-39.2688,-1.4359
-33.2916,-31.1403,-48.0739,-5.734
-28.1486,-36.4251,-36.3543,3.4176
-27.7698,-6.5071,-16.8503,28.3949
-27.5016,-35.1871,-39.1833,-4.2152
-28.5856,-37.0263,-36.0857,-4.8083
-27.9155,-37.3133,-30.7347,0.5882
-31.0181,-36.4723,-28.7327,4.4382
39.6081,-39.2449,-19.6052,27.4789
31.2975,1.3789,-12.6013,28.8582
2.5482,17.3275,-14.7692,30.8761
-4.4276,6.3133,-13.1581,28.7362
-4.8784,6.5522,-33.0165,-25.4997
33.6309,-4.9705,-32.6475,-22.5348
22.8846,4.4616,-33.1731,-25.8672
9.6008,12.3441,-35.9394,-26.9537
16.9255,17.0348,-40.1293,-32.6421
10.5207,11.178,-31.8948,-25.9987
15.4991,7.7918,42.4139,-38.0834
14.6574,16.9712,57.4009,-11.187
12.7371,12.5109,4.0496,20.0118
7.5034,7.6656,-3.0054,9.2984
-11.3334,12.1308,-1.6702,10.2869
-10.6761,13.3944,-2.5821,11.415
-11.616,14.2237,21.9774,5.3341
14.2544,28.6608,7.1452,15.0013
13.5001,6.7999,3.863,16.7512
-13.7204,10.8224,21.6232,12.4422
-16.6263,5.3208,29.1737,13.6091
-19.1797,5.3703,0.6631,-16.4102
18.7487,31.1048,9.9416,-27.7795
-20.6969,9.0517,9.9236,-27.6987
-31.2446,-4.8091,-5.2592,23.5459
-6.3313,20.6628,0.4783,31.5795
40.4667,3.7462,17.3718,29.4393
-37.3079,-11.0487,54.087,-13.9002
-43.1944,-27.8336,-1.6527,29.9527
-23.3234,7.1343,-0.7704,30.1895
2.1758,-22.4753,-21.0447,22.8221
7.799,-30.5946,-14.0641,31.5346
-1.8754,-20.8602,-11.422,-19.1444
-27.6613,-25.5593,7.9645,-28.247
-37.6561,-26.4004,7.9422,-31.1082
-35.3361,-32.2321,4.977,-26.1411
-38.0953,-23.087,-13.684,-17.8733
-35.6665,-36.2439,-36.4924,0.7896
-34.2141,-32.7448,-39.1706,6.0023
-30.1621,-35.1182,-47.1501,-6.7348
-29.795,-38.467,-46.2605,-6.7821
-33.2863,-32.8475,-18.453,28.4928
-27.0161,-37.1754,-27.73,6.8071
-26.8597,-4.7001,-26.6235,6.5223
-28.8845,-37.5213,-37.2656,-7.0398
40.5943,-39.6398,-41.9354,-4.6888
21.3224,13.7196,7.783,38.4197
4.6949,16.3679,37.9492,20.0551
20.7794,14.2452,11.1978,38.1154
-1.2156,15.7878,-30.9786,-17.4406
2.1532,-17.9159,-30.0974,-18.7538
14.9829,15.0873,-15.5991,31.6522
14.3882,16.0306,-31.0662,-19.1328
-5.3659,14.9634,-33.1426,-23.6697
29.268,13.2883,-25.9989,3.9941
3.9347,9.5974,42.7933,-40.0878
6.1373,7.7194,29.3882,19.515
2.2325,8.5959,-4.7677,10.607
8.5604,12.3373,-4.7348,10.054
7.2738,9.1658,12.8876,9.1244
13.5215,17.2706,5.086,13.7274
-6.2065,19.7255,42.3152,-2.3368
-8.404,20.5788,28.25,15.5961
13.0475,15.4062,3.6818,17.0368
12.3298,18.7228,-0.6466,15.0088
8.7698,13.1158,51.0806,1.5255
-20.6721,2.3907,37.2641,12.7364
-18.943,6.5542,45.8046,-19.6097
-35.4213,12.2553,-4.3463,23.9642
17.6391,30.3826,35.1145,5.4621
-30.037,3.3969,24.6011,7.8907
-22.9599,12.0683,45.8313,-17.9559
-5.081,20.7403,20.2539,25.4676
35.9128,19.613,-8.3155,22.6615
-28.3048,-18.6103,17.9357,30.9757
-10.8413,-20.6066,5.86,37.3018
-4.3601,-19.6296,-24.6209,5.453
-10.7269,-20.0735,-10.678,-19.2261
-36.0324,-28.192,6.697,-27.2065
-39.2227,-29.4499,8.3938,-29.6652
-36.3615,-31.3615,5.5669,-25.5608
-39.6248,-29.4845,-26.5128,4.4679
-35.55,-34.989,-48.9867,-2.058
-33.8007,-28.7992,-38.568,5.898
-32.4491,-29.3822,-29.0464,12.916
-31.3492,-34.6557,-17.3497,26.8071
-30.6664,-38.5731,-19.1571,27.8946
-32.0045,-38.0223,-40.1956,-6.2972
-27.9498,-38.2118,-35.4459,3.6208
-26.8435,-5.4011,-43.2787,-8.0207
39.7329,-38.7645,-30.104,9.3591
20.9097,7.6883,-43.6082,-9.2455
-5.4481,7.8947,-7.6104,32.0389
-4.5446,12.0429,37.841,22.045
-4.5164,19.765,-15.2344,31.2683
9.9392,14.1396,3.9232,-22.0474
0.0209,15.3467,8.8306,-27.2325
-2.0711,16.0899,-11.7162,-20.4632
-2.9767,16.3306,-33.4433,-20.3135
17.6027,7.1651,-31.9922,-21.5008
16.6071,8.5678,42.0581,-38.6953
24.3466,4.6221,-0.9678,17.8223
7.8311,8.8904,-3.4635,6.1958
-5.8863,16.794,-4.1713,10.2775
-7.8595,20.1547,26.8711,13.5523
-7.258,19.852,16.0291,11.4711
-19.8474,6.5523,20.7563,11.965
-11.4755,14.4296,10.1694,8.0449
19.7507,27.421,14.4485,14.7654
-1.1362,28.4072,34.4398,-5.0795
-28.159,19.0009,13.1923,11.5077
-25.8469,11.3811,44.3651,-16.8231
-31.0656,18.522,27.2259,5.7358
-54.2163,-3.832,29.885,10.6922
-49.1689,-7.7567,23.8076,7.1801
-47.8619,-14.392,37.1393,-5.7811
-45.0624,-21.4109,-10.4482,18.4259
-9.8001,29.0568,18.5872,25.5623
29.0581,24.9879,46.0391,-17.5653
-12.2481,29.7735,49.5313,0.7252
-29.4322,-19.8421,40.7931,13.204
-24.5426,5.267,6.6371,-25.7041
-30.1616,-22.4163,9.215,-28.5193
-30.7893,-23.1893,2.8983,-22.0823
-40.4429,-25.2346,10.4985,30.6787
-40.5864,-31.7373,-8.2061,34.642
-41.4806,-31.7399,-26.4084,5.9136
-36.3415,-32.1438,-45.869,-16.8143
-38.4198,-33.255,-27.2968,9.633
-35.4883,-32.971,-16.2284,28.6785
-33.8824,-35.0596,-38.7457,7.1361
-33.034,-37.4657,-40.901,-3.1964
-32.7708,-37.7057,-39.7196,-5.2251
-32.3867,-37.7724,-40.2181,-5.1723
-27.211,-7.1277,-43.6335,-7.9854
40.3692,-36.8779,-45.7589,-13.1416
43.7022,13.9839,-44.9446,-17.9439
24.6326,18.3737,-44.0615,-9.4729
-5.4722,8.5468,-29.0715,4.5406
-0.922,8.5868,50.5078,7.1001
10.4612,15.2966,49.6026,10.3132
29.9355,4.0015,0.8984,-20.8354
6.0377,7.8539,-27.0656,-23.4428
11.1326,5.4164,-35.8188,-24.6887
8.624,13.9064,-32.7001,-24.7461
6.847,7.7023,43.1494,-34.081
23.526,5.1751,5.2554,18.7483
11.7511,15.2996,-1.983,18.6664
2.6802,9.3368,-4.0734,11.6702
-5.5665,21.593,-2.6062,10.2055
-23.3505,12.3694,20.2086,15.4599
19.9357,29.7193,17.6715,9.4443
-20.205,3.4025,6.0941,8.6781
-35.6124,13.2423,14.3911,14.2357
-35.2893,-0.6986,14.4994,12.0834
19.3384,31.0417,48.8029,-17.3596
46.3816,11.0316,44.7731,3.0309
-41.8613,-2.0829,12.9765,16.1825
-49.7834,-4.7764,9.3318,24.3424
-37.9782,-2.0097,24.706,6.5675
-35.9314,-3.0372,45.4589,-12.0025
-40.8127,-1.2726,19.0242,26.0957
-31.9231,-3.0994,37.7208,-5.8663
-27.1636,3.0754,46.8783,2.3762
33.0932,24.5245,10.5429,37.9021
-0.8973,-19.0509,35.5839,23.4642
-0.8009,-19.9537,8.6186,-27.7071
-10.5478,-19.5512,8.5319,-30.186
-40.5125,-26.9448,7.963,-23.8767
-40.2359,-29.0984,37.8286,22.4834
-34.1466,-21.7746,-17.6076,29.68
-32.6146,-16.0306,-29.1386,10.407
-33.5115,-28.3558,-39.5712,8.2442
-32.0636,-32.7865,-26.2476,23.4178
-32.5614,-27.9141,-51.5702,-6.6284
-32.7174,-34.222,-38.147,-1.416
-31.2758,-30.2095,-20.5827,24.0885
-30.0608,-36.5262,-3.8321,33.7176
-31.6785,-32.27,-24.9323,11.3854
-29.4454,-32.8682,-39.611,-0.7424
40.3311,-37.71,-28.383,9.0603
41.0853,8.2237,-39.7324,-1.6986
3.5791,19.7816,-28.399,6.6269
4.3333,16.8144,-30.3014,5.4622
-5.7166,8.8751,-19.9582,28.2713
16.4387,16.3896,8.3736,35.8736
44.668,-4.7773,-29.008,-2.1586
17.9379,9.5357,-11.1911,28.8615
7.9697,10.4647,-30.5736,-7.6295
9.8715,11.8875,-23.592,9.3859
30.3102,4.8553,42.2433,-35.6164
11.1939,17.2119,6.0818,19.4055
1.8257,29.1977,1.8293,17.2652
11.7585,17.7947,-1.5603,11.237
-8.6997,31.6004,27.7305,13.8264
-13.4537,19.5246,38.6831,9.5379
7.0051,37.5333,31.0124,4.8639
-13.4757,18.9447,18.4074,9.7366
-22.3639,21.779,38.7346,-8.1235
-32.0243,2.3096,44.472,-17.8315
-51.579,0.8023,54.0976,-15.4932
-51.3447,1.0804,57.2025,-12.2291
-45.8805,-16.9357,15.4533,18.1121
-48.9301,-7.795,10.3653,25.8571
-18.1616,27.539,46.8103,-17.599
7.0903,38.754,22.5418,27.7931
-13.5217,19.9952,-7.7529,17.2816
-37.4258,-11.2172,34.3515,4.0024
-27.7844,2.209,46.0726,9.5692
-3.5367,-18.5445,9.9203,37.839
7.464,-32.4471,30.8647,11.593
7.4338,-32.1727,0.6185,-19.7502
-1.5021,-19.947,5.6649,-24.8047
-27.5275,-20.4032,0.6173,-13.0997
-34.3884,-20.9629,-8.334,30.6301
-32.0107,-6.65,-36.3351,-3.9466
-40.7013,-10.5369,-36.4464,4.3493
-37.228,-25.145,-29.6368,10.3464
-34.6943,-21.8708,-50.5405,-4.4852
-38.6699,-32.7031,-52.1945,-2.7169
-37.1826,-35.5765,-39.0914,-3.4596
-36.9674,-35.3588,-28.8839,5.9143
-31.9854,-28.4897,-41.4602,-4.1567
-31.1443,-31.6035,-39.4638,-0.0065
-26.8833,-22.8368,-31.0932,10.3372
39.6866,-37.2705,-30.4873,4.6784
39.8751,19.9944,-39.842,-5.5071
40.3845,19.5926,-26.6859,8.498
57.1211,-11.2792,-41.7873,-11.0465
4.1542,18.7827,-37.3816,-4.6637
-1.3428,14.0752,-35.9659,-4.1512
8.2198,14.4707,-28.716,2.5954
33.0539,3.8481,9.2637,36.15
15.5406,16.6988,6.6557,36.1313
9.7943,14.5817,-30.051,-1.8783
-8.5866,12.621,39.4778,-38.1386
-5.9257,15.9678,39.7584,20.6599
-9.5347,12.5113,3.3774,18.644
15.7124,8.0326,17.4343,13.7718
-27.9111,18.351,41.4028,6.9186
-9.5971,16.5065,41.4693,6.3618
0.3564,30.6185,22.4561,17.9584
-6.8873,21.4622,44.9026,-17.9838
50.4042,4.1359,48.5621,-9.1487
-2.8402,35.2165,48.4231,-10.0488
-10.316,19.9727,49.7285,1.1605
-37.394,6.0214,46.376,6.3203
-34.5743,12.6364,40.4992,11.9955
-24.706,11.7623,44.5605,-5.6477
-54.176,-4.463,40.5239,-7.5386
-37.797,1.0016,-23.2239,21.2455
-45.7653,-12.3548,11.2549,22.3374
-40.8813,-10.1994,25.9089,26.3666
-29.8144,-19.4073,-22.4475,23.1608
-3.437,-19.429,10.9934,23.916
7.5451,-32.2545,-9.2768,27.6048
7.5448,-32.7482,-2.3078,21.8685
-2.3685,-19.8089,17.8484,24.8267
-9.3414,29.6789,44.7344,-18.6735
-27.1657,4.5358,-29.5082,5.0452
-32.1799,-7.9055,-8.5563,22.0633
-37.2959,-23.9262,-39.2096,5.7218
-33.8435,-24.0875,-36.7481,15.5355
-37.1505,-23.0597,-48.7875,-4.7295
-38.5211,-30.7925,-52.7434,-9.7869
-31.0645,-33.4574,-47.2465,-7.6536
-31.0997,-35.1449,-51.285,-2.8291
-27.4289,-32.2405,-49.3758,1.1722
-32.5259,-28.9551,-37.6598,4.0693
-26.4063,-23.4322,-28.0474,9.1961
42.6578,-33.9807,-23.7183,13.5276
42.7488,12.7327,-15.8322,29.564
3.389,-21.0411,-32.918,-0.5605
0.3378,-15.9486,-41.1675,-9.2488
10.1636,7.5441,-41.2058,-26.4098
22.1213,12.0533,-41.9529,-18.4678
41.5927,11.1054,-42.5611,-17.4422
19.9637,14.8973,-37.2448,-5.3739
26.8047,4.2076,-9.3887,30.499
15.8359,12.1546,9.0249,38.6896
6.6352,13.1887,39.9586,-39.9655
-8.7485,13.8336,52.8664,-4.4488
-8.5071,16.4075,29.9488,18.0377
25.6904,23.3588,52.8501,-18.7406
-29.007,18.5367,15.8795,14.503
-8.762,13.9866,42.4876,9.1868
-9.2237,16.4478,42.4027,-5.3872
21.2345,29.2037,37.8229,-6.7483
-15.1823,26.9337,44.9154,-12.3966
9.5694,35.5785,33.4198,3.7093
-23.8389,15.0581,40.0327,4.2692
-26.7122,6.6196,39.2948,4.072
-37.9686,-3.6765,48.2974,-20.4621
-31.7571,4.3775,52.6373,-17.8136
-53.446,-3.402,43.7836,-11.5795
-37.3228,3.6904,44.6591,10.5421
-48.704,-3.0644,32.0531,14.756
-46.2372,1.8376,4.6987,38.6787
-28.5209,3.4818,31.4789,13.6582
-13.7974,-17.7553,7.2437,24.2552
-2.5101,-18.3002,9.6526,23.3314
-2.0399,-18.2075,13.9512,32.1576
-8.6793,33.9521,34.2755,5.4226
-11.9393,30.4163,-14.8087,16.0521
7.9358,37.5165,-3.686,30.2932
,,1.5464,34.9313
,,-23.9935,19.4955
,,-23.1099,21.3633
,,-30.5027,12.8136
,,-40.3272,0.7596
,,-51.9299,-2.0414
,,-46.6843,-2.7116
,,-50.847,-2.76
,,-46.2532,-8.4517
,,-24.3762,13.2791
,,-16.914,29.2852
,,-29.4134,0.3865
,,6.2616,-25.2751
,,-4.2215,-20.9938
,,-31.4848,-17.8535
,,-33.1343,-0.5738
,,-39.24,-13.9725
,,-42.886,-19.9197
,,-41.3205,-12.0573
,,-33.2184,-4.7409
,,40.5601,-38.9473
,,51.9786,-1.621
,,56.5266,-11.8572
,,52.0642,1.2494
,,39.3358,6.2888
,,41.9505,6.0439
,,40.127,9.4092
,,45.2207,-12.8718
,,49.3711,-8.9789
,,46.573,0.804
,,20.1032,7.7819
,,51.8391,-17.8871
,,46.9447,-6.0182
,,55.5533,-12.72
,,55.2954,-12.1689
,,-13.0269,27.904
,,45.3567,-11.0895
,,39.4513,-7.3536
,,14.6222,31.0816
,,8.28,23.4895
,,15.3096,22.9904
,,-34.5909,16.7283
,,44.0312,-11.886
,,-28.7313,13.555
,,-38.3855,11.8384
,,-55.673,0.368
,,38.9172,17.7875
,,-2.5115,35.0127
,,-2.49,31.303
,,-37.418,1.1656
,,-33.2316,4.2453
,,-34.9096,-5.1801
,,-44.5682,-12.6024
,,-48.1675,-1.53
,,-46.3572,-5.4651
,,-32.4758,11.3436
,,-28.5445,5.3687
,,-4.1796,-20.1238
,,-4.8551,-20.1156
,,-43.6973,-12.3057
,,-34.0029,-2.4726
,,-29.9701,7.2974
,,-47.1429,-11.5353
,,-44.9487,-9.8022
,,-43.2223,-10.8556
,,41.1153,-38.8715
,,52.6216,-13.5153
,,52.3218,1.5464
,,17.6159,15.5484
,,27.9726,14.2763
,,29.6412,5.181
,,32.305,2.3156
,,19.273,13.8675
,,28.3675,20.5538
,,39.853,2.9583
,,44.3801,-4.1944
,,19.3232,28.898
,,49.0802,-5.3651
,,38.6374,11.804
,,3.7637,29.2503
,,32.5988,5.617
,,52.4498,-10.1238
,,45.436,10.6302
,,48.9943,3.6719
,,19.8143,26.4745
,,-24.4888,20.7305
,,32.2052,9.9098
,,20.5098,28.061
,,-18.2289,23.5432
,,36.9102,-5.5119
,,-36.3995,11.851
,,-26.2227,20.3699
,,-21.7602,23.5279
,,-38.1279,14.8883
,,-26.012,22.0344
,,-7.6963,-19.2489
,,8.308,-26.6567
,,1.921,-21.9056
,,-33.6309,-18.2705
,,-49.9932,-6.8849
,,-48.5468,-6.2344
,,-39.8087,-2.3554
,,-35.4856,-20.0771
,,-35.8176,-19.7766
,,-42.3453,-16.2464
,,-52.4764,-4.9693
,,-53.0578,-5.6977
,,-49.5071,-9.6683
,,-44.8857,-20.2939
,,-34.3135,-4.5009
,,41.4501,-36.9211
,,52.032,-1.9113
,,42.7497,12.802
,,33.7311,0.2959
,,39.2427,7.6121
,,39.8403,7.7322
,,53.2954,-11.5124
,,50.4284,-7.6638
,,27.6599,3.8919
,,47.5633,0.7897
,,50.6552,6.1141
,,52.1884,-18.3451
,,38.9197,13.376
,,23.2062,27.6613
,,29.2179,-11.74
,,11.8563,-25.8608
,,8.2825,-24.777
,,45.9983,10.754
,,31.6953,14.0394
,,16.6134,22.2408
,,38.8654,-7.1916
,,48.4071,-5.6745
,,-21.4442,24.636
,,-38.4427,16.337
,,-38.125,15.9725
,,-36.1943,11.6177
,,-16.6154,26.1317
,,-21.6219,23.7251
,,-29.3732,10.9083
,,25.0671,28.0993
,,-3.6465,-20.5266
,,8.8337,-28.1627
,,6.7414,-26.3556
,,-46.7769,-0.0563
,,-27.9532,12.1967
,,-3.4616,34.7275
,,-33.4375,7.8158
,,-13.0027,14.9208
,,-46.7906,-18.4557
,,-45.2315,-1.2678
,,-36.1574,2.7004
,,-42.223,-19.7689
,,-39.2514,-13.7117
,,-34.5933,-6.0377
,,-28.2962,-20.753
,,42.7528,-36.0256
,,51.6395,-11.7289
,,33.2081,1.3952
,,44.8594,-13.559
,,41.9146,8.7576
,,31.5499,3.8118
,,50.5486,-0.791
,,32.7209,2.4432
,,42.3282,6.8443
,,42.5783,7.9127
,,26.2844,12.1015
,,29.4344,11.7617
,,45.2806,-4.3101
,,44.805,-16.3204
,,43.3172,-4.5805
,,42.91,-27.8454
,,4.2998,-22.373
,,9.3943,26.1534
,,6.957,24.4622
,,17.3167,23.2169
,,46.0081,-5.9361
,,16.5351,21.2844
,,38.3562,4.7963
,,-1.8256,30.8672
,,-34.5529,17.3013
,,-23.7946,18.9662
,,2.6102,30.8855
,,-14.7954,16.9115
,,-54.9111,1.4328
,,-23.0201,20.2257
,,34.4997,21.4663
,,10.7435,30.5832
,,-7.8018,-19.3605
,,-29.698,0.9398
,,-37.6863,16.5604
,,-32.1423,14.8612
,,-24.87,12.2367
,,-47.9747,-7.2764
,,-52.4806,-5.2161
,,-46.7504,-7.668
,,-19.2785,8.0083
,,-51.4804,-9.5788
,,-34.6675,-20.5212
,,-10.1846,-20.0198
,,7.176,-26.9575
,,41.9534,-37.4604
,,29.7559,-13.9243
,,29.2198,-9.4247
,,21.7616,17.7929
,,30.151,-9.726
,,41.3082,7.3962
,,28.7785,5.0587
,,27.8251,-15.5982
,,21.0634,12.9564
,,41.9204,-4.3684
,,48.0103,1.0395
,,19.1212,24.6894
,,34.1637,18.4925
,,48.6915,-7.3164
,,38.948,-6.6216
,,53.7202,-10.8246
,,32.2645,19.5106
,,45.5777,6.1088
,,38.7919,18.3382
,,45.6991,0.6878
,,39.9869,-7.1037
,,15.8178,22.087
,,16.0731,21.5492
,,5.2358,30.8701
,,8.8451,39.3636
,,2.5845,35.492
,,34.7855,4.4965
,,6.1692,24.7293
,,-36.3722,-1.426
,,3.7011,35.193
,,-45.271,-4.4075
,,-20.0439,22.2026
,,4.3814,37.6258
,,-31.8217,11.5232
,,3.1184,30.2005
,,-40.1122,6.1754
,,-16.1092,26.6702
,,-54.2864,-0.3128
,,-43.873,-5.1465
,,-32.4098,12.4377
,,-51.7272,-5.0194
,,-44.4733,-14.4636
,,-27.5588,-20.7921
,,5.2599,-25.3867
,,7.6914,-29.9286
,,41.467,-39.3817
,,44.4106,-26.0542
,,52.6176,-4.655
,,6.0713,-23.0317
,,9.7001,-26.6267
,,29.6472,-14.1202
,,51.6626,-3.9607
,,29.6316,-9.8355
,,40.3775,11.2211
,,26.7917,22.2756
,,34.5783,23.6428
,,53.0929,-12.3871
,,50.5765,-22.184
,,51.2686,-18.9737
,,31.4384,8.9428
,,30.8625,9.4817
,,27.8171,6.8935
,,39.5785,12.8025
,,24.1663,26.8733
,,21.4849,27.925
,,15.2028,21.7499
,,28.0237,9.8625
,,44.6295,-18.8755
,,24.3204,28.6977
,,26.6114,29.743
,,45.712,7.4635
,,8.2725,22.1639
,,17.1911,29.1184
,,9.3692,23.6377
,,-30.5414,19.3117
,,-35.996,18.4365
,,-49.3979,-0.682
,,-15.4088,27.2841
,,3.7836,34.5353
,,-4.0997,29.2689
,,-23.6566,22.1332
,,-20.0758,23.8456
,,-49.0324,0.8798
,,-50.392,-1.8705
,,-34.9798,3.1007
,,-50.0957,-11.0584
,,-42.8877,-16.0849
,,-5.6693,-20.0748
,,7.8816,-29.3035
,,8.6402,-28.9207
,,40.9294,-38.1985
,,47.9409,-22.2001
,,46.2719,-22.4645
,,28.174,-16.1585
,,11.5551,-25.5067
,,29.1464,-12.7601
,,42.8545,-6.0262
,,28.8551,14.1018
,,25.9645,25.4343
,,7.8422,-23.8298
,,9.2547,-29.9439
,,10.9961,-26.5355
,,48.1493,-7.805
,,44.4345,2.4834
,,49.5629,-8.1146
,,36.122,7.8854
,,39.9778,13.9116
,,0.4595,32.8075
,,-2.2387,30.6743
,,18.714,29.9342
,,43.6271,0.9965
,,33.6073,16.634
,,20.6642,25.8106
,,45.4557,6.7009
,,48.673,2.364
,,34.7771,3.3643
,,3.2437,33.7409
,,3.4721,31.7476
,,6.8156,24.8491
,,45.4404,-18.5479
,,42.8007,-3.7686
,,-27.9232,11.1793
,,18.1142,28.4525
,,4.3112,25.3207
,,10.4724,37.1358
,,46.4092,10.0535
,,-37.8212,13.8867
,,-52.1434,-6.8484
,,-47.0925,-19.2312
,,-50.0299,-1.2214
,,-47.5337,-18.5525
,,-36.12,-17.1006
,,-13.2887,-19.4103
,,5.2074,-24.4966
,,-0.5249,-20.9462
,,41.501,-38.0565
,,53.2299,-14.1162
,,27.4876,-15.3486
,,27.4171,-16.5792
,,30.6309,-15.9395
,,51.1983,-5.7729
,,30.27,-15.0164
,,31.0219,22.8696
,,8.9283,34.3213
,,9.3139,-24.7331
,,9.8732,-29.2491
,,11.1584,-25.639
,,54.9609,-11.4541
,,48.7157,-0.4972
,,31.1028,12.8064
,,-1.7269,34.3221
,,38.7625,14.834
,,24.3159,26.698
,,33.6068,17.8147
,,49.137,-6.6028
,,46.6639,8.5407
,,24.6807,27.9374
,,47.6015,0.2141
,,43.6772,-0.3814
,,28.3419,7.6393
,,32.7533,18.8939
,,-15.4687,26.0729
,,-51.124,3.513
,,-37.1176,16.9881
,,36.4257,7.1945
,,47.6854,-14.2928
,,38.3059,19.2171
,,2.1541,33.798
,,-21.6348,21.9793
,,11.1041,37.0442
,,3.8868,37.0459
,,-55.4243,0.6336
,,-53.3093,-4.3348
,,-45.4882,-11.3428
,,-43.3516,-17.0548
,,-41.6326,-13.1552
,,-29.4825,7.7548
,,-36.2284,-17.0611
,,-26.7993,-25.5388
,,-27.5547,-21.3544
,,42.1953,-39.695
,,46.768,-23.6662
,,4.3499,-19.1144
,,44.6824,-27.9413
,,28.7554,-15.9815
,,50.5117,-6.4341
,,41.6483,5.2958
,,47.7123,-7.2829
,,50.9999,0.2933
,,49.0694,10.0913
,,7.1421,-24.035
,,29.3154,-15.2094
,,48.4268,0.9731
,,44.8344,4.1698
,,17.7156,23.5231
,,26.8236,29.7636
,,45.7659,-13.2349
,,34.567,17.2759
,,38.3193,5.2461
,,10.1099,39.0702
,,29.1556,28.6344
,,34.5543,17.7833
,,43.9702,1.199
,,3.8426,25.0053
,,31.7884,10.5935
,,17.4568,21.2518
,,35.2099,16.5357
,,-19.2246,23.9355
,,20.7168,29.2304
,,38.0701,11.3349
,,45.7803,-15.4096
,,-10.05,20.8485
,,2.5213,33.4699
,,-32.6047,14.8624
,,20.6269,30.8036
,,36.8541,18.2462
,,-17.5701,24.1333
,,7.2375,35.5783
,,-36.794,17.7439
,,-48.3721,-19.9774
,,-49.7898,-9.3626
,,-37.7302,-10.3839
,,-48.0077,-11.9561
,,-48.0778,-18.9584
,,-49.4958,-19.9718
,,41.677,-40.0871
,,45.928,-23.9897
,,44.0023,-26.8149
,,43.9995,-27.6318
,,45.2663,-24.747
,,51.9171,-3.0871
,,29.4458,18.8405
,,50.385,-11.6463
,,44.4253,-10.7307
,,48.8373,-8.1701
,,48.0081,-9.1617
,,46.2625,-8.4599
,,51.8321,-13.0883
,,51.1008,-17.8937
,,52.7332,-17.2285
,,45.2966,-8.1912
,,48.2868,-17.2843
,,31.5355,13.171
,,24.9077,29.2378
,,22.0699,27.341
,,38.0779,15.4163
,,37.7702,21.1218
,,4.9302,35.8929
,,15.9371,22.2248
,,15.1935,22.2124
,,3.9562,25.1141
,,28.0576,28.5028
,,-1.7906,33.5382
,,42.8334,-4.1871
,,45.4382,-16.4002
,,47.1509,8.9985
,,33.6421,20.2795
,,-0.8724,31.4854
,,9.4503,37.773
,,27.2581,28.2798
,,2.1884,32.7474
,,-32.3745,17.0475
,,-37.752,-3.406
,,-46.9987,1.9036
,,-43.2517,-28.8902
,,-55.361,1.8415
,,-54.8915,-0.5875
,,-43.5554,-15.9032
,,-40.8067,5.9784
,,-48.782,-19.6742
,,40.9047,-40.0725
,,45.0136,-28.6216
,,45.5449,-28.7459
,,49.8719,-22.6002
,,52.2882,-3.2486
,,40.517,5.8318
,,44.9719,-25.2334
,,30.208,-15.0727
,,49.9908,-18.6479
,,43.0595,-0.3625
,,51.7319,-19.7029
,,46.2655,-13.0452
,,46.9509,-12.06
,,49.6678,2.3076
,,32.7114,19.4639
,,49.1844,-10.1768
,,50.8665,-20.8911
,,49.4419,1.9931
,,3.2438,35.7734
,,18.865,26.7393
,,45.1737,-8.811
,,3.1498,34.6268
,,28.4086,27.918
,,-1.3108,33.2379
,,-23.4327,20.6582
,,20.4696,27.1159
,,20.8496,26.5601
,,16.5353,30.4529
,,51.9722,-14.5602
,,39.5326,-6.532
,,37.6938,-5.1984
,,-33.0724,16.549
,,-29.9948,19.2992
,,-13.928,27.9124
,,4.249,36.1338
,,-17.2149,25.6871
,,-26.5295,21.187
,,-47.8784,-0.5799
,,-16.9494,23.5429
,,-29.3839,6.7389
,,-23.8973,14.4066
,,-44.5172,-19.856
,,-50.8641,-10.1792
,,-29.4328,11.8065
,,-47.7992,-0.3975
,,41.5794,-38.7381
,,44.7347,-29.3916
,,44.4667,-27.2857
,,53.0324,-14.7624
,,45.5812,-22.6374
,,45.1311,-27.3249
,,43.6767,-27.5993
,,52.2098,-19.0235
,,43.134,3.1344
,,47.9927,-18.9922
,,50.435,-20.6237
,,46.4329,-19.2767
,,47.2576,-19.1603
,,54.2938,-12.0204
,,43.6322,3.1227
,,54.0834,-12.2988
,,46.3115,-16.5239
,,38.057,15.0358
,,48.6227,-16.1267
,,50.8642,-21.7381
,,34.8101,19.6026
,,37.3381,6.0908
,,37.2791,7.3528
,,42.3324,-2.301
,,28.8808,10.4279
,,26.8547,9.7888
,,2.5784,23.6538
,,17.4926,31.7341
,,28.8528,8.283
,,36.6174,-7.3864
,,8.3451,21.5
,,11.8026,22.9352
,,49.3469,1.6222
,,-3.4939,32.4338
,,-7.5724,30.6457
,,35.0488,18.6767
,,2.6967,34.3162
,,-20.5298,27.8926
,,-31.5929,16.6414
,,-42.8484,-13.9684
,,-31.7755,16.8838
,,-32.9472,8.573
,,-33.9347,14.7047
,,-34.1599,-2.3961
,,-51.9055,-9.7891
,,42.2715,-36.6586
,,45.7375,-28.4965
,,30.2555,-11.231
,,51.3432,-6.3931
,,45.3582,-23.1066
,,43.6442,-28.5264
,,45.5305,-27.8266
,,46.6397,-13.9367
,,49.5927,-16.5119
,,49.6158,-21.6959
,,52.3479,-15.5736
,,48.9905,-18.7488
,,47.6938,-20.3791
,,38.6314,13.0848
,,48.6823,-18.4219
,,50.0626,-20.9247
,,39.8906,11.4976
,,35.3237,18.1515
,,43.5308,-10.511
,,50.7001,-19.2682
,,48.5095,9.2964
,,2.9877,-17.7307
,,15.8744,30.3606
,,-0.3972,29.7862
,,2.6358,36.5008
,,2.7625,23.7039
,,37.5702,-6.2323
,,48.3769,-10.6841
,,43.2707,1.9172
,,28.7747,9.4071
,,12.378,21.4872
,,44.3619,-11.3676
,,27.7183,9.1065
,,4.0185,32.8982
,,-2.3202,31.5374
,,-38.6806,7.9223
,,-31.6681,18.3878
,,-49.0825,-6.1741
,,-10.3333,17.8596
,,-19.1639,25.506
,,-54.7294,-0.7675
,,-38.3793,13.4564
,,-48.001,-10.109
,,-38.9143,-5.057
,,-43.8467,-30.4404
