0,4,6,8,10,12,14,16,18,20,22,24,26,28,30,32,34,36,38,40,42,44,46,48,50,52,54,56,58,60,62,64,66,68,70,72,74,76,78,80,82,84,86,88,90,92,94,96,98,100,102,104,106,108,110,112,114,116,118,120,122,124,126,128,130,132,134,136,138,140,142,144,146,148,150,152,154,156,158,160,162,164,166,168,170,172,174,176,178,180,182,184,186,188,190,192,194,196,198,200
1,0,0,0,0,0,0,0,0,0,0,0,0,0,0,0,0,0,0,0,0,0,0,0,0,0,0,0,0,0,0,0,0,0,0,0,0,0,0,0,0,205,23,0,0,22,195,0,0,0,0,0,0,0,0,0,0,0,0,0,0,0,0,0,0,0,0,0,0,0,0,0,0,0,0,0,0,0,0,0,0,0,0,0,0,0,0,0,0,0,0,0,0,0,0,0,0,0,0,0
2,0,0,0,0,0,0,0,0,0,0,0,0,0,0,0,0,0,0,0,0,0,0,0,0,0,0,0,0,0,0,0,0,0,0,0,0,0,0,0,0,0,0,0,0,0,0,0,0,0,0,0,5,72,0,0,0,0,0,0,0,0,0,0,0,0,0,0,0,0,0,0,0,0,0,0,0,0,0,0,0,0,0,0,0,0,0,0,0,0,0,0,0,0,0,0,0,0,0,0
3,0,0,0,0,0,0,0,0,0,0,0,0,0,0,0,0,0,0,0,0,0,0,0,0,0,0,0,0,0,0,0,0,0,0,0,0,0,0,0,0,0,0,0,0,0,0,0,0,0,0,0,0,0,0,0,0,0,0,0,0,0,0,0,0,0,0,0,0,0,0,0,396,0,0,0,0,0,0,0,0,0,0,0,0,0,0,0,0,0,0,0,0,0,0,0,0,0,0,0
4,0,0,0,0,0,0,0,0,0,0,0,0,0,0,0,0,0,0,0,0,0,0,0,0,0,0,0,0,0,0,0,0,0,0,0,0,0,0,0,0,0,0,0,0,108,0,0,0,0,0,0,0,0,0,0,0,0,0,0,0,0,0,0,0,0,0,0,0,0,0,0,0,0,0,0,0,0,0,0,0,0,0,0,0,0,0,0,0,0,0,0,0,0,0,0,0,0,0,0
5,0,0,0,0,0,0,0,0,0,0,0,0,0,0,0,0,0,0,0,0,0,0,0,0,0,0,0,0,0,0,0,0,0,0,0,0,0,0,0,0,0,0,0,0,0,0,0,0,0,0,0,0,0,0,0,0,0,0,0,0,0,0,0,0,0,0,0,0,0,0,0,0,0,0,0,0,0,0,0,0,0,0,0,0,0,0,0,0,0,0,0,0,0,0,0,0,0,0,0
6,0,0,0,0,0,0,0,0,0,0,0,0,0,0,0,0,0,0,0,0,0,0,0,0,0,0,0,0,0,0,0,0,0,0,0,0,0,0,0,0,0,0,0,0,0,0,0,0,0,0,0,0,0,0,0,0,0,0,0,0,0,0,0,0,0,0,0,0,0,0,0,0,0,1,87,0,0,0,0,0,0,0,0,0,0,0,0,0,0,0,0,0,0,0,0,0,0,0,0
7,0,0,0,0,0,0,0,0,0,0,0,0,0,0,0,0,0,0,0,0,0,0,0,0,0,0,0,0,0,0,0,0,0,137,10,0,0,0,0,0,0,0,0,0,0,0,0,0,0,0,0,0,0,0,0,0,0,0,0,0,0,0,0,0,0,0,0,0,0,0,0,0,0,0,0,0,0,0,0,0,0,0,0,0,0,0,0,0,0,0,0,0,0,0,0,0,0,0,0
8,0,0,0,0,0,0,0,0,0,0,0,0,0,0,0,0,0,0,0,0,0,0,0,0,0,0,0,0,0,0,0,0,0,0,0,0,0,0,0,0,0,0,0,0,0,0,0,0,0,0,0,0,0,0,0,0,0,0,0,0,0,55,16,0,0,0,0,0,0,0,0,0,0,0,0,0,0,0,0,0,0,0,0,0,0,0,0,0,0,0,0,0,0,0,0,0,0,0,0
9,0,0,0,0,0,0,0,0,0,0,0,0,0,0,0,0,0,0,0,0,0,0,0,0,0,0,0,0,0,0,0,0,0,0,0,0,0,0,0,0,0,0,0,0,0,0,0,0,0,0,0,0,0,0,0,0,0,0,0,0,0,0,0,0,0,0,0,0,0,0,0,0,0,0,0,0,0,0,0,0,0,0,0,0,0,0,0,0,0,0,0,0,0,0,0,0,0,0,0
10,0,0,0,0,0,0,0,0,0,0,0,0,0,0,0,0,0,0,0,0,0,0,0,0,0,0,0,0,0,0,0,0,0,0,0,0,0,0,0,0,0,0,0,0,0,0,0,0,0,0,0,0,0,0,0,0,0,0,0,0,0,0,0,0,0,0,0,0,0,0,0,0,0,0,0,0,0,0,0,0,0,0,0,0,0,0,0,0,0,0,0,0,0,0,0,0,0,0,0
11,0,0,0,0,0,0,0,0,0,0,0,0,0,0,0,0,0,0,0,0,0,0,0,0,0,0,0,0,0,0,0,0,0,0,0,0,0,0,110,11,0,0,0,0,0,0,0,0,0,0,0,0,0,0,0,0,0,0,0,0,0,0,0,0,0,0,0,0,0,0,0,0,0,0,0,0,0,0,0,0,0,0,0,0,0,0,0,0,0,0,0,0,0,0,0,0,0,0,0
12,0,0,0,0,0,0,0,0,0,0,0,0,0,0,0,0,0,0,0,0,0,0,0,0,0,0,0,0,0,0,0,0,0,0,0,0,0,0,0,0,0,0,0,0,0,0,0,0,0,0,0,0,0,0,0,0,0,0,0,0,0,0,0,0,0,0,0,0,0,0,0,0,0,0,0,0,0,0,0,0,0,0,0,0,0,0,0,0,0,0,0,0,0,0,0,0,0,0,0
13,0,0,0,0,0,0,0,0,0,0,0,0,0,0,0,0,0,0,0,0,0,0,0,0,0,0,0,0,0,0,0,0,0,0,0,0,0,0,0,0,0,0,0,0,0,0,0,0,0,0,0,0,0,0,0,0,0,0,0,0,0,0,0,0,0,0,0,0,0,0,0,0,0,0,0,0,0,0,0,0,0,0,0,0,0,0,0,0,0,0,0,0,0,0,0,0,0,0,0
14,0,0,0,0,0,0,0,0,0,0,0,0,0,0,0,0,0,0,0,0,0,0,0,0,0,0,0,0,0,0,0,0,0,0,0,0,0,0,0,0,0,0,0,0,0,0,0,0,0,0,0,0,0,0,0,0,0,0,0,0,0,0,0,0,0,0,0,0,0,0,0,0,0,0,0,0,0,0,0,0,0,0,0,0,0,0,0,0,0,0,0,0,0,0,0,0,0,0,0
15,0,0,0,0,0,0,0,0,0,0,0,0,0,0,0,0,0,0,0,0,0,0,0,0,0,0,0,0,0,0,0,0,0,0,0,0,17,97,0,0,0,0,0,0,0,0,0,0,0,0,0,0,0,0,0,0,0,0,0,0,0,0,0,0,0,0,0,0,0,0,0,0,0,0,0,0,0,0,0,0,0,0,0,0,0,0,0,0,0,0,0,0,0,0,0,0,0,0,0
16,0,0,0,0,0,0,0,0,0,0,0,0,0,0,0,0,0,0,0,0,0,0,0,0,0,0,0,0,0,0,0,0,0,0,0,0,0,0,0,0,0,0,122,968,0,0,0,0,0,0,0,0,0,0,0,0,0,0,0,0,0,0,0,0,0,0,0,0,0,0,0,0,0,0,0,0,0,0,0,0,50,31,0,0,0,0,0,0,0,0,0,0,0,0,0,0,0,0,0
17,0,0,0,0,0,0,0,0,0,0,0,0,0,0,0,0,0,0,0,0,0,0,0,0,0,0,0,0,0,0,0,0,0,0,0,0,0,0,0,0,0,0,0,0,0,0,0,0,0,0,126,0,0,0,0,0,0,0,0,0,0,0,0,0,0,0,0,0,0,0,0,0,0,0,0,0,0,0,0,0,0,0,0,0,0,0,0,0,0,0,0,0,0,0,0,0,0,0,0
18,0,0,0,0,0,0,0,0,0,0,0,0,0,0,0,0,0,0,0,0,0,0,0,0,0,0,0,0,0,0,0,0,0,0,0,0,0,0,0,0,0,0,0,0,0,0,0,0,0,0,0,0,0,0,0,0,0,0,0,0,0,0,0,0,0,0,0,0,0,0,0,0,0,0,0,0,0,0,0,0,0,0,0,0,0,0,0,0,0,0,0,0,0,0,0,0,0,0,0
19,0,0,0,0,0,0,0,0,0,0,0,0,0,0,0,0,0,0,0,0,0,0,0,0,0,0,0,0,0,0,0,0,0,0,0,0,0,0,0,0,0,0,0,0,0,0,0,0,0,0,0,0,0,0,0,0,0,0,0,0,0,0,0,0,0,0,0,0,0,0,0,0,0,0,0,0,0,0,0,0,0,0,0,0,0,0,0,0,0,0,0,0,0,0,0,0,0,0,0
20,0,0,0,0,0,0,0,0,0,0,0,0,0,0,0,0,0,0,0,0,0,0,0,0,0,0,0,0,0,0,0,0,0,0,0,0,0,0,0,0,0,0,0,331,0,0,0,0,0,0,0,0,0,0,0,0,0,0,0,0,0,0,0,0,0,0,0,0,0,0,0,0,0,0,0,0,0,0,0,0,0,0,0,0,0,0,0,0,0,0,0,0,0,0,0,0,0,0,0
21,0,0,0,0,0,0,0,0,0,0,0,0,0,0,0,0,0,0,0,0,0,0,0,0,0,0,0,0,0,0,0,0,0,0,0,0,0,0,0,0,0,0,0,0,0,0,0,0,0,0,0,0,0,121,25,0,0,0,0,0,0,0,0,0,0,0,0,0,0,0,0,0,0,0,0,0,0,0,0,0,0,0,0,0,0,70,0,0,0,0,0,0,0,0,0,0,0,0,0
22,0,0,0,0,0,0,0,0,0,0,0,0,0,0,0,0,0,0,0,0,0,0,0,0,0,0,0,0,0,0,0,0,0,0,0,0,0,0,0,0,0,0,0,0,0,0,0,0,0,0,0,0,0,0,0,0,0,0,0,0,0,0,0,0,0,0,0,0,0,0,0,0,0,0,0,0,0,0,0,0,0,0,0,0,0,0,0,0,0,0,0,0,0,0,0,0,0,0,0
23,0,0,0,0,0,0,0,0,0,0,0,0,0,0,0,0,0,0,0,0,0,0,0,0,0,0,0,0,0,0,0,0,0,0,0,0,0,0,0,0,0,0,0,0,0,0,0,0,0,0,0,0,0,0,0,0,0,0,0,0,0,0,0,0,0,0,0,0,0,0,0,0,0,0,0,0,0,0,0,0,0,0,0,0,0,0,0,0,0,0,0,0,0,0,0,0,0,0,0
24,0,0,0,0,0,0,0,0,0,0,0,0,0,0,0,0,0,0,0,0,0,0,0,0,0,0,0,0,0,0,0,0,0,0,0,0,0,0,0,0,0,0,0,0,0,0,0,0,8,80,0,0,0,0,0,0,0,0,0,0,0,0,0,0,0,0,0,0,0,0,0,0,0,0,0,0,0,0,0,0,0,0,0,0,0,0,0,0,0,0,0,0,0,0,0,0,0,0,0
25,0,0,0,0,0,0,0,0,0,0,0,0,0,0,0,0,0,0,0,0,0,0,0,0,0,0,0,0,0,0,0,0,0,0,0,0,0,0,0,0,0,0,0,0,0,0,0,0,0,0,0,0,0,0,0,0,0,0,0,0,0,0,0,0,0,0,0,0,0,0,0,0,0,0,0,0,0,0,0,0,0,0,0,0,0,0,0,0,0,0,0,0,0,0,0,0,0,0,0
26,0,0,0,0,0,0,0,0,0,0,0,0,0,0,0,0,0,0,0,0,0,0,0,0,0,0,0,0,0,0,0,0,0,0,0,0,0,0,0,0,0,0,0,0,0,0,0,0,0,0,0,0,0,0,0,0,0,0,0,0,0,0,0,0,0,0,0,0,0,0,0,0,0,0,0,0,0,0,0,0,0,0,0,0,0,0,0,0,0,0,0,0,0,0,0,0,0,0,0
27,0,0,0,0,0,0,0,0,0,0,0,0,0,0,0,0,0,0,0,0,0,0,0,0,0,0,0,0,0,0,0,0,0,0,0,0,0,0,0,0,0,0,0,0,0,0,0,0,0,0,0,0,0,0,0,0,0,0,0,0,0,0,0,0,0,0,0,0,0,0,0,0,0,0,0,0,0,0,0,0,0,0,0,0,0,0,0,0,0,0,0,0,0,0,0,0,0,0,0
28,0,0,0,0,0,0,0,0,0,0,0,0,0,0,0,0,0,0,0,0,0,0,0,0,0,0,0,0,0,0,0,0,0,0,0,0,0,0,0,0,0,0,0,0,0,0,0,0,0,0,0,0,0,0,0,0,0,0,0,0,0,0,0,0,0,0,0,0,0,0,0,0,0,0,0,0,0,0,0,0,0,0,0,0,0,0,0,0,0,0,0,0,0,0,0,0,0,0,0
29,0,0,0,0,0,0,0,0,0,0,0,0,0,0,0,0,0,0,0,0,0,0,0,0,0,0,0,0,0,0,0,0,0,0,0,0,0,0,0,0,0,0,0,0,0,0,0,0,0,0,0,0,0,0,0,0,0,0,0,0,0,0,0,0,0,0,0,0,0,0,0,0,0,0,0,0,0,0,0,0,0,0,0,0,0,0,0,0,0,0,0,0,0,0,0,0,0,0,0
30,0,0,0,0,0,0,0,0,0,0,0,0,0,0,0,0,0,0,0,0,0,0,0,0,0,0,0,0,0,0,0,0,0,0,0,0,0,0,0,0,0,0,0,0,0,0,0,0,0,0,0,0,0,0,0,0,0,0,0,0,0,0,0,0,0,0,0,0,0,0,0,0,0,0,0,0,0,0,0,0,0,0,0,0,0,0,0,0,0,0,0,0,0,0,0,0,0,0,0
31,0,0,0,0,0,0,0,0,0,0,0,0,0,0,0,0,0,0,0,0,0,0,0,0,0,0,0,0,0,0,0,0,0,0,0,0,0,0,0,0,0,0,0,0,0,0,0,0,0,0,0,0,0,0,0,0,0,0,0,0,0,0,0,0,0,8,265,0,0,0,0,0,0,0,0,0,0,0,0,0,0,0,0,0,0,0,0,0,0,0,0,0,0,0,0,0,0,0,0
32,0,0,0,0,0,0,0,0,0,0,0,0,0,0,0,0,0,0,0,0,0,0,0,0,0,0,0,0,0,0,0,0,0,0,0,0,0,0,0,0,0,0,0,0,0,0,0,0,0,0,0,0,10,126,0,0,0,0,0,0,0,0,0,0,0,0,0,0,0,0,0,0,0,0,0,0,0,0,0,0,0,0,0,0,0,0,0,0,0,0,0,0,0,0,0,0,0,0,0
33,0,0,0,0,0,0,0,0,0,0,0,0,0,0,0,0,0,0,0,0,0,0,0,0,0,0,0,0,0,0,0,0,0,0,0,0,0,0,0,0,0,0,0,0,0,0,0,0,0,126,22,0,0,0,0,0,0,0,0,0,0,0,0,0,0,0,0,0,0,0,0,0,0,0,0,0,0,0,0,0,0,0,0,0,0,0,0,0,0,0,0,0,0,0,0,0,0,0,0
34,0,0,0,0,0,0,0,0,0,0,0,0,0,0,0,0,0,0,0,0,0,0,0,0,0,0,0,0,0,0,0,0,0,0,0,0,0,0,0,0,0,0,0,0,0,0,0,0,0,0,0,0,0,0,0,0,0,0,0,0,0,0,0,0,0,0,0,0,0,0,0,0,0,0,0,0,0,0,0,0,0,0,0,0,0,0,0,0,0,0,0,0,0,0,0,0,0,0,0
35,0,0,0,0,0,0,0,0,0,0,0,0,0,0,0,0,0,0,0,0,0,0,0,0,0,0,0,0,0,0,0,0,0,0,0,0,0,0,0,0,0,0,0,0,0,0,0,0,0,0,0,0,0,0,0,0,0,0,0,0,0,0,0,0,0,0,0,0,0,0,0,0,0,0,0,0,0,0,0,0,0,0,0,0,0,0,0,0,0,0,0,0,0,0,0,0,0,0,0
36,0,0,0,0,0,0,0,0,0,0,0,0,0,0,0,0,0,0,0,0,0,0,0,0,0,0,0,0,0,0,0,0,0,0,0,0,0,0,0,0,0,0,0,0,0,0,0,0,0,0,0,0,0,0,0,0,0,0,0,0,0,0,0,0,0,0,0,0,0,0,0,0,0,0,0,0,0,0,0,0,0,0,0,0,0,0,0,0,0,0,0,0,0,0,0,0,0,0,0
37,0,0,0,0,0,0,0,0,0,0,0,0,0,0,0,0,0,0,0,0,0,0,0,0,0,0,0,0,0,0,0,0,0,0,0,0,0,0,0,0,0,0,0,0,0,0,0,0,0,0,0,0,0,0,0,0,0,0,0,0,0,0,0,0,0,0,77,27,0,0,0,0,0,0,0,0,0,0,0,0,0,0,0,0,0,0,0,0,0,0,0,0,0,0,0,0,0,0,0
38,0,0,0,0,0,0,0,0,0,0,0,0,0,0,0,0,0,0,0,0,0,0,0,0,0,0,0,0,0,0,0,0,0,0,0,0,0,0,0,0,0,0,0,0,0,0,0,0,0,0,0,0,0,0,0,0,0,0,0,0,0,0,0,0,0,0,0,0,0,0,0,0,0,0,0,0,0,0,0,0,0,0,0,0,0,0,0,0,0,0,0,0,0,0,0,0,0,0,0
39,0,0,0,0,0,0,0,0,0,0,0,0,0,0,0,0,0,0,0,0,0,0,0,0,0,0,0,0,0,0,0,0,0,0,0,0,0,0,0,0,0,0,0,0,0,0,0,0,0,0,0,0,0,0,0,0,0,0,0,0,0,0,0,0,0,0,0,0,0,0,0,0,0,0,0,0,0,0,0,0,0,0,0,0,0,0,0,0,0,0,0,0,0,0,0,0,0,0,0
40,0,0,0,0,0,0,0,0,0,0,0,0,0,0,0,0,0,0,0,0,0,0,0,0,0,0,0,0,0,0,0,0,0,0,0,0,0,0,0,0,0,0,0,0,0,0,0,0,0,0,0,0,0,0,0,0,0,0,0,0,0,0,0,0,0,0,0,0,0,0,0,0,0,0,0,0,0,0,0,0,0,0,0,0,0,0,0,0,0,0,0,0,0,0,0,0,0,0,0
41,0,0,0,0,0,0,0,0,0,0,0,0,0,0,0,0,0,0,0,0,0,0,0,0,0,0,0,0,0,0,0,0,0,0,0,0,0,0,0,0,0,0,82,10,0,0,0,0,0,0,0,0,0,0,0,0,0,0,0,0,0,0,0,0,0,0,0,0,0,0,0,0,0,0,0,0,0,0,0,0,0,0,0,0,0,0,0,0,0,0,0,0,0,0,0,0,0,0,0
42,0,0,0,0,0,0,0,0,0,0,0,0,0,0,0,0,0,0,0,0,0,0,0,0,0,0,0,0,0,0,0,0,0,0,0,0,0,0,0,0,0,0,0,0,0,0,0,0,0,0,0,0,0,0,0,0,0,0,0,0,0,0,0,0,0,0,0,0,0,0,0,0,0,0,0,0,0,0,0,0,0,0,0,0,0,0,0,0,0,0,0,0,0,0,0,0,0,0,0
43,0,0,0,0,0,0,0,0,0,0,0,0,0,0,0,0,0,0,0,0,0,0,0,0,0,0,0,0,0,0,0,0,0,0,0,0,0,0,0,0,0,0,0,0,0,0,0,0,0,0,0,0,0,0,0,0,0,0,0,0,0,0,0,0,0,0,0,0,0,0,0,0,0,0,0,0,0,0,0,0,0,0,0,0,0,0,0,0,0,0,0,0,0,0,0,0,0,0,0
44,0,0,0,0,0,0,0,0,0,0,0,0,0,0,0,0,0,0,0,0,0,0,0,0,0,0,0,0,0,0,0,0,0,0,0,0,0,0,0,0,0,0,0,0,0,0,0,0,0,0,0,0,0,0,0,0,0,0,0,0,0,0,0,0,0,0,0,0,0,0,0,0,0,0,0,0,0,0,0,0,0,0,0,0,0,0,0,0,0,0,0,0,0,0,0,0,0,0,0
45,0,0,0,0,0,0,0,0,0,0,0,0,0,0,0,0,0,0,0,0,0,0,0,0,0,0,0,0,0,0,0,0,0,0,0,0,0,0,0,0,0,0,0,0,0,0,0,0,0,0,0,0,0,0,0,0,0,0,0,0,0,0,0,0,0,0,0,0,0,0,0,0,0,0,0,0,0,0,0,0,0,0,0,0,0,0,0,0,0,0,0,0,0,0,0,0,0,0,0
46,0,0,0,0,0,0,0,0,0,0,0,0,0,0,0,0,0,0,0,0,0,0,0,0,0,0,0,0,0,0,0,0,0,0,0,0,0,0,0,0,0,0,0,0,0,0,0,0,0,0,0,0,0,0,0,0,0,0,0,0,0,0,0,0,0,0,0,0,0,0,0,0,0,0,0,0,0,0,0,0,0,0,0,0,0,0,0,0,0,0,0,0,0,0,0,0,0,0,0
47,0,0,0,0,0,0,0,0,0,0,0,0,0,0,0,0,0,0,0,0,0,0,0,0,0,0,0,0,0,0,0,0,0,0,0,0,0,0,0,0,0,0,0,0,0,0,0,0,0,0,0,0,0,0,0,0,0,0,0,0,0,0,0,0,0,0,0,0,0,0,0,0,0,0,0,0,0,0,0,0,0,0,0,0,0,0,0,0,0,0,0,0,0,0,0,0,0,0,0
48,0,0,0,0,0,0,0,0,0,0,0,0,0,0,0,0,0,0,0,0,0,0,0,0,0,0,0,0,0,0,0,0,0,0,0,0,0,0,0,0,0,0,0,0,0,0,0,0,0,0,0,0,0,0,0,0,0,0,0,0,0,0,0,0,0,0,0,0,0,0,0,0,0,0,0,0,0,0,0,0,0,0,0,0,0,0,0,0,0,0,0,0,0,0,0,0,0,0,0
49,0,0,0,0,0,0,0,0,0,0,0,0,0,0,0,0,0,0,0,0,0,0,0,0,0,0,0,0,0,0,0,0,0,0,0,0,0,0,0,0,0,0,0,0,0,0,0,0,229,0,0,0,0,0,0,0,0,0,0,0,0,0,0,0,0,0,0,0,0,0,0,0,0,0,0,0,0,0,0,0,0,0,0,0,0,0,0,0,0,0,0,0,0,0,0,0,0,0,0
50,0,0,0,0,0,0,0,0,0,0,0,0,0,0,0,0,0,0,0,0,0,0,0,0,0,0,0,0,0,0,0,0,0,0,0,0,0,0,0,0,0,0,0,0,0,0,0,0,0,0,0,0,0,0,0,0,0,0,0,0,0,0,0,0,0,0,0,0,0,0,0,0,0,0,0,0,0,0,0,0,0,0,0,0,0,0,0,0,0,0,0,0,0,0,0,0,0,0,0
51,0,0,0,0,0,0,0,0,0,0,0,0,0,0,0,0,0,0,0,0,0,0,0,0,0,0,0,0,0,0,0,0,0,0,0,0,0,0,0,0,0,0,0,0,0,0,0,0,0,0,0,0,0,0,0,0,0,0,0,0,0,0,0,0,0,0,0,0,0,0,0,0,0,0,0,0,0,0,0,0,0,0,0,0,0,0,0,0,0,0,0,0,0,0,0,0,0,0,0
52,0,0,0,0,0,0,0,0,0,0,0,0,0,0,0,0,0,0,0,0,0,0,0,0,0,0,0,0,0,0,0,0,0,0,0,0,0,0,0,0,0,0,0,0,0,0,0,0,0,0,0,0,0,0,0,0,0,0,0,0,0,0,0,0,0,0,0,0,0,0,0,0,0,0,0,0,0,0,0,0,0,0,0,0,0,0,0,0,0,0,0,0,0,0,0,0,0,0,0
53,0,0,0,0,167,175,1,0,1,0,0,0,0,0,0,0,0,0,0,0,0,0,0,0,0,0,0,0,0,0,0,0,0,0,0,0,0,0,0,0,0,0,0,0,0,0,0,0,0,0,0,0,0,0,0,0,0,0,0,0,0,0,0,0,0,0,0,0,0,0,0,0,0,0,0,0,0,0,0,0,0,0,0,0,0,0,0,0,0,0,0,0,0,0,0,0,0,0,0
54,0,0,0,0,0,0,0,0,0,0,0,0,0,0,0,0,0,0,0,0,0,0,0,0,0,0,0,0,0,0,0,0,0,0,0,0,0,0,0,0,0,0,0,0,0,0,363,0,0,0,0,0,0,0,0,0,0,0,0,0,0,0,0,0,0,0,0,0,0,0,0,0,0,0,0,0,0,0,0,0,0,0,0,0,0,0,0,0,0,0,0,0,0,0,0,0,0,0,0
55,92,0,97,0,0,0,0,0,0,0,0,0,0,0,0,0,0,0,0,0,0,0,0,0,0,0,0,0,0,0,0,0,0,0,0,0,0,0,0,0,0,0,0,0,0,0,0,0,0,0,0,0,0,0,0,0,0,0,0,0,0,0,0,0,0,0,0,0,0,0,0,0,0,0,0,0,0,0,0,0,0,0,0,0,0,0,0,0,0,0,0,0,0,0,0,0,0,0,0
56,0,0,0,0,0,0,0,0,0,0,0,0,0,0,0,0,0,0,0,0,0,0,0,0,0,0,0,0,0,0,0,0,0,0,0,0,0,0,0,0,0,0,0,0,0,0,0,0,0,0,0,0,0,0,0,0,0,0,0,0,0,0,0,0,0,0,0,0,0,0,0,0,0,0,0,0,0,0,0,0,0,0,0,0,0,0,0,0,0,0,0,0,0,0,0,0,0,0,0
57,0,0,0,0,0,0,0,0,0,0,0,0,0,0,0,0,0,0,0,0,0,0,0,0,0,0,0,0,0,0,0,0,0,0,0,0,0,0,0,0,0,0,0,0,0,0,0,0,0,0,0,0,0,0,0,0,0,0,0,0,0,0,0,0,0,0,0,0,0,0,0,0,0,0,0,0,0,0,0,0,0,0,0,0,0,0,0,0,0,0,0,0,0,0,0,0,0,0,0
58,0,0,0,0,0,0,0,0,0,0,0,0,0,0,0,0,0,0,0,0,0,0,0,0,0,0,0,0,0,0,0,0,0,0,0,0,0,0,0,0,0,0,0,0,0,0,0,0,0,0,0,0,0,0,0,0,0,0,0,0,0,0,0,0,0,0,0,0,0,0,0,0,0,0,0,0,0,0,0,0,0,0,0,0,0,0,0,0,0,0,0,0,0,0,0,0,0,0,0
59,0,0,0,0,0,0,0,0,0,0,0,0,0,0,0,0,0,0,0,0,0,26,81,0,0,0,0,0,0,0,0,0,0,0,0,0,0,0,0,0,0,0,0,0,0,0,0,0,0,0,0,0,0,0,0,0,0,0,0,0,0,0,0,0,0,0,0,0,0,0,0,0,0,0,0,0,0,0,0,0,0,0,0,0,0,0,0,0,0,0,0,0,0,0,0,0,0,0,0
60,0,0,0,0,0,0,102,1,107,0,0,0,0,0,0,0,0,0,0,0,0,40,127,0,0,0,0,0,0,0,0,0,0,0,0,0,0,0,0,0,0,0,0,0,0,0,0,0,0,0,0,0,0,0,0,0,0,0,0,0,0,0,0,0,0,0,0,0,0,0,0,0,0,0,0,0,0,0,0,0,0,0,0,0,0,0,0,0,0,0,0,0,0,0,0,0,0,0,0
61,0,135,0,356,0,0,0,275,0,132,0,0,0,109,114,0,0,0,0,0,0,0,0,0,16,58,0,0,0,0,0,0,0,0,0,0,0,0,0,0,0,0,0,0,0,0,0,0,0,0,0,0,0,0,0,0,0,0,0,0,0,0,0,0,0,0,0,0,0,0,0,0,0,0,0,0,0,0,0,0,0,0,0,0,0,0,0,0,0,0,0,0,0,0,0,0,0,0,0
62,47,73,47,527,293,308,1,0,1,72,279,293,146,2,2,75,193,4,0,0,0,179,0,169,564,79,0,0,78,5,0,0,0,0,0,0,0,0,0,0,0,0,0,0,0,0,0,0,0,0,0,0,0,0,0,0,0,0,0,0,0,0,0,0,0,0,0,0,0,0,0,0,0,0,0,0,0,0,0,0,0,0,0,0,0,0,0,0,0,0,0,0,0,0,0,0,0,0,0
63,0,370,0,34,224,235,0,30,0,122,151,159,650,3,3,6,1082,24,341,766,510,1269,190,608,1064,691,979,51,516,22,0,0,0,0,0,0,0,0,0,0,0,0,0,0,0,0,0,0,0,0,0,0,0,0,0,0,0,0,0,0,0,0,0,0,0,0,0,0,0,0,0,0,0,0,0,0,0,0,0,0,0,0,0,0,0,0,0,0,0,0,0,0,0,0,0,0,0,0,0
64,699,189,734,51,246,258,193,748,203,2403,543,570,307,434,456,300,1571,930,1711,2740,2983,2789,3532,3639,2084,3111,1508,649,495,0,0,0,0,0,0,0,0,0,0,0,0,0,0,0,0,0,0,0,0,0,0,0,0,0,0,0,0,0,0,0,0,0,0,0,0,0,0,0,0,0,0,0,0,0,0,0,0,0,0,0,0,0,0,0,0,0,0,0,0,0,0,0,0,0,0,0,0,0,0
65,1023,887,1074,983,389,408,507,637,532,1085,1446,1518,2186,1738,1825,3444,3473,8882,10455,10988,11696,12211,13096,14041,12568,7685,5793,2166,567,1202,94,570,26,131,0,0,0,0,0,0,0,0,0,0,0,0,0,0,0,0,0,0,0,0,0,0,0,0,0,0,0,0,0,0,0,0,0,0,0,0,0,0,0,0,0,0,0,0,0,0,0,0,0,0,0,0,0,0,0,0,0,0,0,0,0,0,0,0,0
66,5345,6568,5612,4725,7497,7872,7256,9512,7619,8305,10390,10910,9169,14726,15462,17266,22586,30389,33749,38467,43662,42921,47034,33961,26206,18944,9836,6254,2783,969,526,16,77,0,0,0,0,40,248,0,0,0,0,0,0,0,0,0,0,0,0,0,0,0,0,0,0,0,0,0,0,0,0,0,0,0,0,0,0,0,0,0,0,0,0,0,0,0,0,0,0,0,0,0,0,0,0,0,0,0,0,0,0,0,0,0,0,0,0
67,51986,44172,54585,44384,41811,43902,51344,52584,53911,44951,53927,56623,50873,46227,48538,52342,76589,85748,91306,90751,70365,82198,67388,71879,44448,28260,21987,12440,4794,1822,932,821,258,76,0,115,0,0,0,0,0,0,0,0,0,0,0,0,0,0,0,0,0,0,0,0,0,0,0,0,0,0,0,0,0,0,0,0,0,0,0,0,0,0,0,0,0,0,0,0,0,0,0,0,0,0,0,0,0,0,0,0,0,0,0,0,0,0,0
68,114683,99196,120417,110530,131337,137904,135790,133463,142580,129800,131249,137811,135431,124634,130866,134079,139474,142561,152172,140715,121668,105469,104653,88236,62155,43000,27657,15325,9111,3392,1507,1739,278,279,236,19,266,0,0,0,21,158,0,0,0,0,0,0,0,0,0,0,0,0,0,0,0,0,0,0,0,0,0,0,0,0,0,0,0,0,0,0,0,0,0,0,0,0,0,0,0,0,0,0,0,0,0,0,0,0,0,0,0,0,0,0,0,0,0
69,179757,171628,188745,192944,191759,201347,207975,203168,218374,213734,201632,211714,197402,169902,178397,197295,179077,189871,181303,170998,137875,132238,117157,101500,80978,55819,31609,16141,9709,5565,2433,1890,415,844,0,0,148,0,0,0,0,124,0,0,0,0,0,0,0,0,0,0,0,0,0,0,0,0,0,0,0,0,0,0,0,0,0,0,0,0,0,0,0,0,0,0,115,0,0,0,0,0,0,0,0,0,0,0,0,0,0,0,0,0,0,0,0,0,0
70,204405,209646,214625,216955,228667,240100,227135,236438,238492,213265,232309,243924,207620,200574,210603,182057,203676,180116,168294,151994,125443,121688,99710,86902,73457,50963,29216,14976,11151,6985,1700,1397,1241,141,160,237,31,92,0,0,0,0,0,0,0,0,0,0,0,0,0,0,0,0,0,0,0,0,0,0,0,0,0,0,0,0,0,0,0,0,0,0,0,0,0,0,0,0,0,0,0,0,0,0,0,0,0,0,0,0,0,0,0,0,0,0,0,0,0
71,177682,163678,186566,181875,183127,192283,191917,210392,201513,185949,189887,199381,181438,169354,177822,167398,141011,146960,145516,133508,111707,105923,87014,71043,57927,39201,28261,17625,9748,6465,3348,2044,403,20,193,192,0,0,0,0,0,0,0,0,0,0,0,0,0,0,0,0,0,0,0,0,0,0,0,0,0,0,0,0,0,0,0,0,0,0,0,0,0,0,0,0,0,0,0,0,0,0,0,0,0,0,0,0,0,0,0,0,0,0,0,0,0,0,0
72,132187,120962,138796,113418,127656,134039,132024,129986,138625,138005,133502,140177,119169,105305,110570,117167,98563,90902,86147,85615,70562,71197,68458,64620,45354,36179,24515,16221,7219,4557,2156,1203,515,480,284,0,0,0,0,0,0,0,0,0,0,0,0,0,0,0,0,0,0,0,0,0,0,0,0,0,0,0,0,0,0,0,0,0,0,0,0,0,0,0,0,0,0,0,0,0,0,0,0,0,0,0,0,0,0,0,0,0,0,0,0,0,0,0,0
73,73001,71634,76651,68941,72952,76600,80500,80692,84525,80100,68965,72413,66008,59305,62270,66386,60549,56512,49067,52628,41845,45651,42013,40077,34266,29801,16632,11560,7288,2327,1469,1460,333,28,203,71,5,0,0,0,23,170,0,0,0,0,0,0,0,0,0,0,0,0,0,0,0,0,0,0,0,0,0,0,0,0,0,0,0,0,0,0,0,0,0,0,0,0,0,0,0,0,0,0,0,0,0,0,0,0,0,0,0,0,0,0,0,0,0
74,34769,31583,36507,37046,37218,39079,34350,35600,36068,33363,29482,30956,33073,29783,31272,33129,29398,30420,30411,27327,26488,26173,26414,27048,22952,20229,18171,7595,6949,3815,1995,2116,387,0,47,253,0,0,0,0,0,0,0,0,0,0,0,0,0,0,0,0,0,0,0,0,0,0,0,0,0,0,0,0,0,0,0,0,0,0,0,0,0,0,0,0,0,0,0,0,0,0,0,0,0,0,0,0,0,0,0,0,0,0,0,0,0,0,0
75,15076,12451,15830,11922,13940,14637,12622,18276,13253,16808,13209,13869,15066,13069,13722,14398,16169,15271,11093,15590,13050,15512,19388,21815,17600,16373,13896,9106,3910,4665,1086,815,547,143,0,76,0,274,25,0,0,0,0,0,0,0,0,0,0,0,0,0,0,0,0,0,0,0,0,0,0,0,0,0,0,0,0,0,0,0,0,0,0,0,0,0,0,0,0,0,0,0,0,0,0,0,0,0,0,0,0,0,0,0,0,0,0,0,0
76,8931,7174,9378,4182,8510,8936,9276,6970,9740,6821,5613,5894,6318,4912,5158,7389,8626,6382,8895,7083,6224,11433,10350,13025,15554,15204,11517,8407,5616,3001,1706,951,633,328,216,182,8,0,0,0,0,487,56,0,0,0,0,0,0,0,0,0,0,0,0,0,0,0,0,0,0,0,0,0,0,0,0,0,0,0,0,0,0,0,0,0,0,0,0,0,0,0,0,0,0,0,0,0,0,0,0,0,0,0,0,0,0,0,0
77,3230,2695,3392,4061,3424,3595,4179,5004,4388,5327,3072,3226,4823,3804,3994,2874,3220,3420,4606,6179,5785,9395,8452,11277,9244,12609,9675,8014,2559,2312,1243,1042,385,19,101,13,187,0,0,0,0,252,29,0,0,0,0,0,0,0,0,0,0,0,0,0,0,0,0,0,0,0,0,0,0,0,0,0,0,0,0,0,0,0,0,0,0,0,0,0,0,0,0,0,0,0,0,0,0,0,0,0,0,0,0,0,0,0,0
78,1023,2150,1074,1560,980,1029,738,2129,775,1559,1477,1551,2407,1815,1906,1694,2243,2420,3230,4724,4889,6135,8706,11083,8218,10437,8928,6796,5674,1462,697,661,89,0,30,160,0,0,0,0,0,0,0,0,0,0,0,0,0,0,0,0,0,0,0,0,0,0,0,0,0,0,0,0,0,0,0,0,0,0,0,0,0,0,0,0,0,0,0,0,0,0,0,0,0,0,0,0,0,0,0,0,0,0,0,0,0,0,0
79,983,2538,1032,421,1118,1174,785,1361,824,483,906,951,1146,1176,1235,1558,1258,1719,1478,4134,4059,6406,6465,9078,10408,11018,7802,5746,4925,2169,1696,329,406,19,158,0,0,0,0,0,0,0,0,0,0,0,0,0,0,0,0,0,0,0,0,0,0,0,0,0,0,0,0,0,0,0,0,0,0,0,0,0,0,0,0,0,0,0,0,0,0,0,0,0,0,0,0,0,0,0,0,0,0,0,0,0,0,0,0
80,1641,973,1723,842,139,146,216,1540,227,1272,315,331,1937,763,801,428,1149,1386,2295,2034,2471,3764,5231,8684,8815,7748,9695,6120,3299,2058,1204,1603,183,114,816,158,0,0,0,0,0,0,0,0,0,0,0,0,0,0,0,0,0,0,0,0,0,0,0,0,0,0,0,0,0,0,0,0,0,0,0,0,0,0,0,0,0,0,0,0,0,0,0,0,0,0,0,0,0,0,0,0,0,0,0,0,0,0,0
81,382,2285,401,901,912,958,308,953,323,829,1341,1408,566,1470,1544,562,1549,1296,1239,1268,1876,3062,5296,5711,10063,10725,9532,6723,3480,3194,2722,1323,514,0,75,400,0,0,0,0,0,0,0,0,0,0,0,0,0,0,0,0,0,0,0,0,0,0,0,0,0,0,0,0,0,0,0,0,0,0,0,0,0,0,0,0,0,0,0,0,0,0,0,0,0,0,0,0,0,0,0,0,0,0,0,0,0,0,0
82,782,561,821,747,1174,1233,90,186,95,1279,198,208,779,438,460,276,983,487,963,2578,3316,5524,6276,7540,6821,11413,8477,10648,7041,2529,764,961,490,81,26,133,0,0,0,0,0,0,0,0,0,0,0,0,0,0,0,0,0,0,0,0,0,0,0,0,0,0,0,0,0,0,0,0,0,0,0,0,0,0,0,0,0,0,0,0,0,0,0,0,0,0,0,0,0,0,0,0,0,0,0,0,0,0,0
83,73,707,77,654,232,244,419,2,440,0,362,380,1214,4,4,260,582,1179,1183,1736,2730,4859,4504,8140,9089,13117,8904,10653,5617,4262,3282,1476,538,92,135,0,169,16,0,264,0,0,0,0,0,0,0,0,0,0,0,0,0,0,0,0,0,0,0,0,0,0,0,0,0,0,0,0,0,0,0,0,0,0,0,0,0,0,0,0,0,0,0,0,0,0,0,0,0,0,0,0,0,0,0,0,0,0,0
84,169,607,177,349,413,434,578,0,607,838,129,135,124,123,129,425,168,1713,1466,889,2485,5117,6162,7016,9539,11802,9632,10084,7114,6917,4603,2924,1309,763,248,94,85,103,0,0,0,0,0,0,0,0,0,0,0,0,0,0,0,0,0,0,0,0,0,0,0,0,0,0,0,0,0,0,0,0,0,0,0,0,0,0,0,0,0,0,0,0,0,0,0,0,0,0,0,0,0,0,0,0,0,0,0,0,0
85,1,62,1,231,104,109,327,145,343,232,562,590,594,507,532,875,751,2781,684,1865,3071,3070,10069,8277,9395,13813,15999,9856,8140,6826,4599,4240,2079,1374,753,429,313,157,0,0,0,0,0,10,77,0,0,0,0,0,0,0,0,0,0,0,0,0,0,0,0,0,0,0,0,0,0,0,0,0,0,0,0,0,0,0,0,0,0,0,0,0,0,0,0,0,0,0,0,0,0,0,0,0,0,0,0,0,0
86,387,388,406,202,0,0,39,76,39,326,0,0,156,184,193,1145,900,403,1160,2092,2462,3989,4988,8979,9153,12802,15113,15787,15182,9468,3594,4144,2221,2536,900,19,0,0,0,0,0,0,0,0,0,0,0,0,0,0,0,0,0,0,0,0,0,0,0,0,0,0,0,0,0,0,0,0,0,0,0,0,0,0,0,0,0,0,0,0,0,0,0,0,0,0,0,0,0,0,0,0,0,0,0,0,0,0,0
87,335,0,352,312,809,849,66,190,69,290,1088,1142,709,212,223,248,993,1661,917,2218,2593,5776,8422,9250,11882,19626,20918,15078,17413,14349,7555,7369,3797,2130,1163,437,4,0,0,0,0,0,0,0,0,0,0,0,0,0,0,0,0,0,0,0,0,0,0,0,0,0,0,0,0,0,0,0,0,0,0,0,0,0,0,0,0,0,0,0,0,0,0,0,0,0,0,0,0,0,0,0,0,0,0,0,0,0,0
88,468,0,491,108,198,208,141,1,148,0,293,308,130,2,2,542,208,838,1119,1643,2488,5601,7788,9560,15783,16447,21230,26434,17348,12528,12955,7392,4171,2804,762,1319,247,0,0,0,0,0,0,0,0,0,0,0,0,0,0,0,0,0,0,0,0,0,0,0,0,0,0,0,0,0,0,0,0,0,0,0,0,0,0,0,0,0,0,0,0,0,0,0,0,0,0,0,0,0,0,0,0,0,0,0,0,0,0
89,0,88,0,369,2,2,191,510,201,340,380,399,571,277,291,364,323,1158,1725,3458,2667,6884,6936,12615,17399,21008,24333,20953,23024,16350,13095,6876,3317,3955,947,1675,411,21,0,0,0,578,66,0,0,174,0,0,0,0,0,0,0,0,0,0,0,0,0,0,0,0,0,0,0,0,0,0,0,0,0,0,0,0,0,0,0,0,0,0,0,0,0,0,0,0,0,0,0,0,0,0,0,0,0,0,0,0,0
90,233,286,245,0,93,98,127,488,133,3,0,0,0,697,732,308,1005,829,562,3626,1459,8094,6698,13773,18331,23067,32344,25458,32481,19177,15374,9500,8176,3179,2097,1478,367,338,0,0,0,0,0,0,0,0,0,0,0,0,0,0,0,0,0,0,0,0,0,0,0,0,0,0,0,0,0,0,0,0,0,0,0,0,0,0,0,0,0,0,0,0,0,0,0,0,0,0,0,0,0,0,0,0,0,0,0,0,0
91,0,435,0,0,0,0,616,0,647,154,585,614,299,646,678,327,1436,637,1886,1296,2459,4537,13252,14663,21425,27410,32658,36587,31058,27172,18939,13640,9387,4607,3511,1510,233,342,638,94,0,0,0,0,0,0,0,413,64,0,0,0,0,0,0,0,0,0,0,0,0,0,0,0,0,0,0,0,0,0,0,0,0,0,0,0,0,0,0,0,0,0,0,0,0,0,0,0,0,0,0,0,0,0,0,0,0,0,0
92,81,342,85,144,258,271,2,0,2,277,443,465,228,416,437,665,808,1614,3324,2488,3928,8640,9120,17995,27501,33096,37443,36345,38653,35405,24464,13958,12690,8157,3832,2269,1578,1066,1025,337,459,100,0,0,0,0,0,0,0,0,0,0,0,0,0,0,0,0,0,0,0,0,0,0,0,0,0,0,0,0,0,0,0,0,0,0,0,0,0,0,0,0,0,0,0,0,0,0,0,0,0,0,0,0,0,0,0,0,0
93,0,0,0,146,1,1,237,161,249,1025,437,459,314,631,663,333,801,1659,3076,2545,4392,10624,12064,18916,26132,31871,36801,41375,40891,39393,31636,20675,14451,9328,3564,2959,2081,459,41,220,17,246,0,0,11,94,140,0,0,0,0,0,0,0,0,0,0,0,0,0,0,0,0,0,0,0,0,0,0,0,0,0,0,0,0,0,0,0,0,0,1,211,0,0,0,0,0,0,0,0,0,0,0,0,0,0,0,0,0
94,176,0,185,288,2,2,150,225,158,399,205,215,586,4,4,362,708,3295,2470,3635,3284,7438,11543,20687,23656,35926,39911,43186,45004,41081,33625,24580,17886,12622,7620,2850,2188,690,560,156,13,206,285,0,0,0,0,0,0,0,0,0,0,0,12,194,0,0,0,9,203,0,0,0,0,0,189,0,0,0,0,0,0,0,0,0,0,0,0,0,0,0,0,0,0,0,0,0,0,0,0,0,0,0,0,0,0,0,0
95,401,136,421,186,133,140,0,102,0,1,1176,1235,231,396,416,417,639,880,2547,2308,6015,6934,10556,16745,24199,33676,33336,40255,41107,38888,33368,24361,16708,10552,6847,6798,2926,1463,297,200,122,0,352,318,0,62,33,240,80,13,0,0,0,0,0,0,108,86,0,0,0,0,0,0,77,24,0,0,0,0,0,0,0,0,0,0,0,0,0,0,0,0,0,0,0,0,0,0,0,99,80,0,0,0,0,0,0,0,0
96,92,234,97,52,206,216,78,1,82,216,458,481,267,638,670,503,519,440,1992,2418,1824,6884,9321,16899,17469,22829,24099,34516,32034,38276,24067,17828,16664,12421,6840,3057,3223,734,339,586,1195,0,0,0,0,0,0,0,0,0,0,0,0,98,0,0,0,135,0,147,0,0,0,0,0,0,0,0,0,78,31,0,0,0,0,0,0,0,0,0,0,0,0,0,0,0,0,0,0,0,0,0,0,0,0,0,0,0,0
97,0,0,0,0,0,0,0,349,0,94,70,74,233,211,222,1554,535,1247,465,1383,3010,4797,7318,11962,12822,17694,22635,26237,33146,24572,20819,17125,16682,8313,6896,5298,2481,1765,569,281,28,0,86,21,77,0,0,0,152,0,0,0,0,0,0,7,173,244,0,0,0,0,0,0,61,21,0,0,0,0,0,0,0,0,0,0,0,0,0,0,0,0,0,0,0,0,0,0,0,0,152,0,0,0,0,0,0,0,0
98,70,0,74,0,0,0,0,0,0,386,0,0,92,116,122,0,142,730,871,881,2293,4278,4365,6208,11149,13222,17810,23498,24035,20424,19175,15154,14793,7958,5865,3622,2174,1706,1765,191,403,197,527,310,0,0,8,84,0,0,0,0,0,0,0,77,0,0,0,0,0,0,0,0,0,0,0,0,0,0,0,0,0,0,0,0,0,0,0,0,195,0,0,0,0,88,0,0,0,0,0,0,0,0,0,0,0,0,0
99,0,0,0,0,0,0,0,57,0,269,24,24,307,150,158,3,425,590,97,1341,1652,2607,2980,5147,8061,10652,15564,13258,14346,18674,11831,8070,9721,6117,5951,3649,1843,770,869,117,605,554,64,0,0,0,194,29,10,110,0,0,0,5,76,0,0,0,0,0,0,0,0,0,0,0,0,0,0,0,0,0,0,0,1,92,0,0,0,0,0,0,0,0,0,0,0,0,0,0,0,0,0,0,0,0,0,0,0
100,0,0,0,0,0,0,0,0,0,0,0,0,98,106,111,694,865,115,122,700,1071,2483,1898,3618,5367,7763,9696,12243,15087,18361,15004,13368,6841,8818,4173,3292,2378,661,549,415,293,303,0,0,0,0,0,0,6,64,0,0,0,113,190,0,0,0,0,0,0,91,0,0,0,0,0,0,0,0,0,0,0,0,0,0,0,0,0,0,0,0,0,81,0,0,0,0,0,0,0,0,0,0,0,0,131,0,0
101,0,0,0,0,0,0,0,254,0,3,0,0,422,285,299,224,74,252,555,286,1294,1411,1893,4755,4955,5367,7469,13737,11157,12039,10114,13852,7285,7647,3977,3093,1848,648,311,1021,839,408,116,14,0,0,0,0,0,0,0,0,0,0,0,6,103,0,0,0,0,0,0,0,0,0,2,70,0,0,0,0,0,0,0,0,0,0,0,0,0,0,0,0,0,0,0,0,0,0,0,0,0,0,0,0,0,0,0
102,0,277,0,0,0,0,0,109,0,0,76,80,0,70,74,731,7,0,0,556,187,1420,1113,3372,4185,4692,4458,9488,9959,12344,8663,9923,6477,6236,4750,3716,3200,854,489,842,34,116,923,393,10,0,0,0,0,0,0,0,0,0,0,0,0,0,0,0,3,88,0,0,0,0,71,0,0,0,0,0,0,0,0,0,0,0,0,0,0,0,0,0,0,0,0,0,0,0,0,0,0,0,0,0,0,0,0
103,0,0,0,0,141,148,0,0,0,0,1390,1460,20,0,0,126,92,97,431,321,996,6,546,2263,2773,3009,5832,9632,9080,10099,11692,11515,6471,5910,5585,3457,1457,1680,712,252,360,336,39,0,0,88,813,0,88,0,0,0,0,0,0,0,0,0,0,0,0,0,0,0,0,0,0,0,0,0,0,0,0,0,0,0,0,0,0,0,0,0,0,0,0,0,0,0,271,0,0,0,0,0,0,0,0,0,0
104,0,55,0,97,0,0,0,141,0,118,251,264,0,0,0,0,206,34,92,492,154,137,2211,3556,3034,3870,5191,12597,9335,13101,9772,8720,11248,6929,4884,5586,1604,848,680,12,261,393,184,6,0,0,0,0,0,0,0,0,0,0,0,0,0,0,0,0,0,0,0,0,0,0,0,0,0,0,0,0,0,0,0,0,0,0,0,0,0,0,0,0,0,0,0,0,0,0,0,0,0,0,0,0,0,0,0
105,181,308,190,0,0,0,0,0,0,251,0,0,0,293,308,187,4,261,761,646,733,991,298,1611,4559,6049,5925,5690,7735,9768,11108,10231,8365,6852,3794,3431,2149,1981,1089,1026,393,263,7,0,0,0,114,16,0,0,0,0,0,0,0,0,0,0,0,0,0,0,0,0,0,0,0,0,0,0,0,0,0,0,0,0,0,0,0,0,0,0,0,0,0,0,0,0,0,0,0,0,0,0,0,0,0,0,0
106,1,0,1,0,83,87,147,0,154,0,179,188,393,261,274,251,679,69,137,120,251,365,1457,1839,3347,4283,3987,10191,9939,7780,11157,7725,6057,8498,3571,5268,887,1234,694,509,335,0,0,0,0,0,0,0,0,0,0,0,0,0,0,0,0,0,0,0,0,0,0,0,0,0,168,0,0,0,0,0,0,0,0,0,0,0,0,0,0,0,0,0,0,0,0,0,0,0,0,0,0,0,0,0,0,0,0
107,0,71,0,124,0,0,102,1,107,296,4,4,130,0,0,0,86,223,0,42,387,234,697,2669,3619,5322,6969,8344,12038,12528,10149,10300,8879,10014,5858,4818,3349,1648,1533,175,0,34,265,0,82,11,0,0,0,0,0,0,0,0,0,0,0,0,0,0,0,0,0,0,0,0,0,0,0,0,0,0,0,0,0,0,0,0,0,0,0,0,0,0,0,0,0,0,0,0,0,0,0,0,0,0,0,0,0
108,450,2,473,0,0,0,0,0,0,0,0,0,0,0,0,0,78,491,91,109,462,461,564,2097,1734,5340,4340,7513,9702,12915,17186,12414,7370,6777,6679,4541,3377,2436,2870,848,347,500,46,0,14,336,33,0,0,0,0,0,0,0,0,0,0,0,0,0,0,0,0,0,0,0,0,0,0,0,0,0,0,0,0,0,0,0,0,0,0,0,0,0,0,0,0,0,0,0,0,0,0,0,0,0,0,0,0
109,0,0,0,170,0,0,142,0,149,0,72,76,0,0,0,0,0,80,112,550,772,855,1471,1533,3318,3851,5867,10750,11253,14218,14535,12246,13334,7442,4332,4171,3019,1617,1313,324,0,135,223,0,0,0,0,0,0,0,0,0,0,0,0,0,0,0,0,0,0,0,0,10,299,0,0,0,0,0,0,0,0,0,0,0,0,0,0,0,0,0,0,0,0,0,0,0,0,0,0,0,0,0,0,0,0,0,0
110,60,0,63,0,0,0,0,0,0,0,0,0,83,189,198,89,425,380,548,421,440,637,732,972,2417,6522,6981,7665,10604,14446,11632,13033,12653,6095,7300,3900,2706,1521,2469,361,385,916,269,254,96,16,153,625,98,0,0,0,0,0,0,123,0,0,0,0,0,0,0,0,0,0,0,0,0,0,0,0,0,0,0,0,0,0,0,0,0,0,0,0,0,0,0,0,0,0,0,0,0,0,0,0,0,0,0
111,1,0,1,0,0,0,825,8,866,0,0,0,0,0,0,0,0,99,268,231,160,1405,1540,686,2946,3240,4724,7686,10984,14999,17004,12978,9757,8497,6787,5499,4616,1568,2936,88,432,448,273,0,0,0,0,0,0,0,0,0,0,0,0,0,0,0,0,0,0,0,0,0,0,0,0,0,0,0,0,0,0,0,0,0,0,0,0,0,0,0,0,0,0,0,0,0,0,0,0,0,0,0,0,0,0,0,0
112,206,477,216,212,0,0,0,145,0,113,0,0,37,87,91,389,149,0,265,389,447,1383,1313,1891,4089,3767,4536,8369,11045,15943,15951,14556,11811,9609,5779,6385,2888,2986,977,1655,858,26,247,13,0,62,9,0,0,240,0,0,0,0,0,0,0,0,0,0,0,0,0,0,173,0,0,0,0,0,0,0,0,0,0,0,0,0,0,0,0,0,0,0,0,0,70,0,0,0,0,0,0,0,0,0,0,0,0
113,0,92,0,0,137,144,259,0,272,0,0,0,250,411,432,0,101,288,67,0,95,466,1215,1688,1350,4322,6671,9319,11778,18498,18169,16669,17698,8359,10470,4465,3893,5141,2224,511,397,895,366,532,0,26,236,0,0,0,6,76,253,60,312,44,0,0,0,0,0,0,0,0,0,422,143,0,0,0,0,0,0,0,0,0,0,0,0,0,0,0,0,0,0,0,0,0,0,0,0,0,0,0,0,0,0,0,0
114,81,0,85,0,0,0,0,136,0,1,98,103,167,192,202,0,139,80,79,2,138,359,680,1523,1443,3390,3609,10139,10766,15928,17143,15823,9960,10392,8779,6079,3448,2806,2352,522,505,338,674,377,574,342,345,156,0,65,11,0,348,306,0,0,110,0,0,27,577,0,71,22,342,107,0,0,0,0,0,0,0,0,0,0,0,0,0,0,0,0,0,0,0,0,0,0,0,0,0,0,0,0,0,0,0,0,0
115,0,0,0,0,0,0,852,8,895,0,0,0,563,9,9,0,0,195,0,541,124,1285,474,1295,2469,6971,5110,10675,10958,15262,14994,20242,12868,10869,6158,6369,6237,3132,1658,1068,312,1160,154,329,869,873,189,85,949,190,18,220,85,233,323,0,328,87,21,0,0,6,164,72,133,229,269,0,0,0,0,261,1,76,0,0,0,0,0,0,0,0,0,0,0,0,0,0,0,0,0,0,0,0,0,0,0,0,0
116,0,0,0,0,0,0,0,75,0,182,60,63,0,0,0,91,2,16,713,842,146,124,807,1821,625,3423,3513,5953,7107,10705,12575,15676,16065,13521,9673,5713,3696,2839,2311,2272,598,656,475,624,205,447,883,706,313,705,162,41,432,62,460,493,380,226,688,34,0,647,0,0,9,306,79,4,157,0,0,0,0,0,0,0,0,0,0,0,0,0,0,0,0,0,0,0,0,0,0,0,0,0,0,0,0,0,0
117,0,0,0,0,0,0,0,0,0,0,0,0,598,0,0,0,0,49,467,0,221,6,404,1367,863,2406,3024,5105,12500,11045,12334,16869,14540,12417,7495,4025,5320,1570,1400,1777,1959,1360,619,898,119,803,570,566,175,240,421,453,308,241,271,457,832,559,154,343,0,0,255,0,147,524,25,0,0,190,0,0,0,0,0,0,0,0,223,0,0,0,0,0,0,0,0,0,0,0,0,0,0,0,0,0,0,0,0
118,0,0,0,0,0,0,0,17,0,272,0,0,0,0,0,0,0,0,81,319,76,383,512,427,44,1783,4926,5143,7458,8446,12750,12448,12520,11281,8512,5260,5095,2639,1782,1076,1666,2765,469,442,726,486,363,1130,581,1181,373,909,787,867,802,29,0,5,83,132,165,49,292,299,27,18,650,401,6,271,0,6,366,112,0,0,265,0,0,0,0,0,0,0,0,0,0,0,0,0,0,0,0,0,0,0,0,0,0
119,0,0,0,0,118,124,0,0,0,0,0,0,0,0,0,0,0,186,222,348,0,0,871,845,910,3750,3199,7425,7894,6748,8169,15655,14343,9635,9145,7554,3802,4451,2163,1676,2186,111,806,803,825,355,344,206,440,568,1183,813,985,99,568,243,281,413,129,164,208,77,499,881,24,85,347,256,228,0,0,0,0,0,71,34,0,0,0,0,0,0,0,0,0,0,0,0,0,0,0,0,0,0,0,0,0,0,0
120,34,58,34,0,0,0,0,0,0,157,104,109,0,276,290,198,0,0,0,282,0,77,0,776,1501,1754,2861,3841,7306,8646,11280,14038,14066,11899,8859,8237,7759,2499,1613,2189,901,1211,1250,1682,585,378,713,686,251,811,440,294,378,1687,296,1158,7,112,201,190,75,129,76,341,383,87,0,0,0,70,2,128,0,0,0,2,214,110,58,44,105,47,0,0,0,0,0,0,0,0,0,0,0,0,0,0,0,0,0
121,0,0,0,0,0,0,0,140,0,286,0,0,37,282,296,91,2,0,0,0,0,372,165,44,541,4589,2990,4324,7580,8943,12122,12166,10609,10230,9484,7486,6159,5303,5203,1614,1676,837,1566,1662,1050,468,225,662,220,674,662,181,935,196,120,188,338,17,320,228,372,45,305,359,437,585,0,876,0,0,0,0,0,0,0,95,47,0,0,0,0,0,0,0,0,0,0,0,0,0,0,0,0,0,0,0,0,0,0
122,0,0,0,0,0,0,0,176,0,2,0,0,0,0,0,0,0,0,0,70,230,3,194,878,1399,749,3310,3080,6724,8693,12790,9985,12180,11685,10139,4420,4757,5103,1904,3806,1708,904,979,1435,868,1189,1045,728,625,836,177,286,775,136,304,1025,732,355,0,8,252,0,278,8,327,0,10,382,0,244,157,0,0,0,0,0,0,289,0,0,0,0,0,0,0,0,0,0,0,0,0,0,0,0,0,0,0,0,0
123,0,0,0,0,0,0,0,0,0,0,73,77,529,0,0,278,60,112,3,264,167,167,35,572,546,1918,1682,3953,4457,7495,9111,10675,10779,8335,10877,7026,7298,6441,4216,2953,2717,1103,1410,1326,450,452,1378,168,530,835,489,548,10,0,591,16,12,226,652,186,492,302,418,0,0,328,156,0,3,149,0,0,0,67,31,0,0,0,0,0,0,0,0,0,0,0,0,0,0,0,0,0,0,0,0,0,0,0,0
124,0,0,0,0,0,0,141,132,148,93,1,1,210,1,1,0,0,0,0,0,0,0,701,353,523,2141,1905,2206,4016,5415,11073,10740,11087,12364,9042,7980,6829,6367,4538,3414,2046,2324,860,956,399,1006,1393,857,554,722,1277,763,1502,73,15,179,0,287,122,244,151,142,13,0,0,8,300,196,223,0,0,0,0,0,0,3,248,1,134,0,239,141,0,0,0,0,0,0,0,0,0,0,0,0,0,0,0,0,0
125,411,2,432,0,0,0,0,0,0,0,0,0,0,0,0,0,0,0,0,0,0,0,560,490,752,628,2352,1844,4834,9400,6695,9949,11149,13732,8274,11036,7064,7406,6266,3314,3595,1846,1104,1012,863,3080,1589,1126,1356,333,791,2202,147,432,206,0,21,360,0,0,0,0,0,2,74,0,0,0,0,277,0,0,272,119,0,0,0,597,318,0,0,0,0,679,0,0,0,0,0,0,0,0,0,0,0,0,0,0,0
126,0,0,0,0,0,0,0,0,0,0,0,0,0,0,0,0,485,10,0,0,137,544,287,444,336,692,1524,1125,2702,5603,8588,10130,8342,13916,10027,9426,4302,4647,5213,3701,3410,1120,1497,1342,902,1013,1209,763,382,387,0,332,292,229,13,417,761,177,177,0,0,0,134,40,0,642,588,0,184,90,38,85,0,0,0,0,0,0,0,0,0,0,0,0,0,0,0,0,0,0,0,0,0,0,0,0,0,0,0
127,287,1,301,0,0,0,0,0,0,103,349,366,5,0,0,0,583,55,130,0,402,108,93,675,299,1156,999,1684,3129,4685,8800,6223,8300,10119,8187,7468,7196,4864,4173,4893,3189,3628,3177,944,1179,1084,2170,1381,1505,123,324,240,67,163,185,0,260,299,623,0,0,0,0,0,0,5,252,0,0,0,0,0,0,0,0,0,0,0,0,0,0,0,0,0,0,0,0,0,0,0,0,0,0,0,0,0,0,0,0
128,0,0,0,0,0,0,0,0,0,0,0,0,0,0,0,77,28,155,245,117,116,476,193,162,717,485,352,1462,1587,5817,3579,7336,6594,10419,7892,7871,6118,5688,4446,3455,2473,2728,2131,975,38,327,223,346,1457,1447,808,366,79,0,506,276,5,87,36,725,0,0,0,0,0,0,0,0,134,52,0,0,0,0,98,0,0,0,0,0,0,0,0,0,0,0,0,0,0,0,0,0,0,0,0,0,0,0,0
129,0,0,0,0,0,0,0,0,0,0,0,0,0,0,0,0,0,0,0,449,12,307,261,199,234,562,708,1665,1609,4240,4183,7011,7198,7597,6926,9532,7809,4558,5259,4138,3355,2871,1507,1196,2959,685,1164,611,2094,430,148,90,32,499,386,420,355,41,13,254,4,104,450,106,0,0,0,3,128,300,0,0,0,0,0,0,0,0,0,0,0,0,0,0,0,0,0,0,0,0,0,0,0,0,0,0,0,0,0
130,0,0,0,0,0,0,0,0,0,0,102,107,1,178,187,3,0,0,0,0,105,532,164,555,1188,261,376,1042,1576,3620,4297,4751,6881,5588,8813,9999,7718,6087,6379,4310,3864,3069,2861,1602,2165,1274,346,1250,486,733,14,19,364,260,444,567,78,424,0,8,161,0,0,77,24,0,0,60,21,0,0,0,0,2,139,0,0,0,82,44,0,0,0,0,0,0,325,0,0,0,0,0,0,0,0,0,0,0,0
131,0,0,0,0,0,0,577,0,606,0,0,0,0,45,45,108,383,8,0,0,0,0,0,210,175,158,439,2370,2021,4221,2909,6280,7460,7871,7535,7007,6314,5825,3892,3102,3296,2050,420,630,1206,2155,967,427,329,321,596,0,0,10,308,395,0,0,0,0,0,0,148,205,473,140,447,0,0,0,1,69,0,0,0,0,0,0,0,0,0,0,0,0,0,0,0,0,0,0,0,0,0,0,0,0,0,0,0
132,0,0,0,0,0,0,0,0,0,0,0,0,0,0,0,0,0,0,0,582,169,241,7,498,659,1077,451,1274,2504,3560,4083,4953,8238,8626,7398,10208,5468,6621,3537,2221,3897,1954,2076,1437,941,889,441,562,257,1085,256,701,284,90,18,428,308,66,0,0,0,0,0,0,0,0,0,0,0,0,190,77,0,0,0,0,0,0,0,0,0,0,0,0,0,0,0,0,0,0,0,0,0,0,0,0,0,0,0
133,0,0,0,0,0,0,306,3,321,0,0,0,0,0,0,0,32,287,212,65,173,177,251,101,764,95,305,580,2479,4267,4801,3495,8485,9400,8540,8264,7466,6300,3610,4444,1646,4823,2101,1107,1337,277,1134,699,825,373,441,268,201,29,0,256,427,109,27,0,0,0,0,0,0,0,53,24,228,0,0,0,5,289,0,0,0,0,0,0,0,0,0,0,0,0,0,0,0,0,0,0,0,0,0,0,0,0,0
134,0,0,0,371,0,0,0,0,0,0,0,0,0,0,0,0,0,0,512,464,9,0,241,144,218,374,809,1267,1986,2583,3680,5300,6840,9611,9217,7641,8507,6181,3726,3772,2255,1715,1370,998,1631,1634,358,861,155,404,11,441,94,216,44,266,0,0,0,19,404,0,0,0,0,0,0,0,81,0,0,0,0,0,0,0,0,0,0,0,0,0,0,0,0,0,0,0,0,0,0,0,0,0,0,0,0,0,0
135,1,0,1,0,0,0,0,52,0,105,44,44,98,128,134,2,0,191,56,145,0,0,143,606,111,400,805,948,3130,1895,2895,4304,4754,6277,8793,10450,6849,5668,5106,2062,2874,2212,2352,1603,779,642,566,1079,295,716,291,344,228,19,0,0,152,35,268,0,3,69,187,100,0,0,0,153,153,0,9,458,0,0,0,0,0,0,0,0,0,0,0,0,0,0,0,0,0,0,0,0,0,0,0,0,0,0,0
136,0,0,0,0,0,0,0,0,0,0,92,97,206,0,0,0,0,0,0,0,0,17,53,0,78,103,440,514,580,3238,1477,2802,6899,5908,6650,6051,6906,6379,4835,2949,2774,1484,632,3334,1255,944,437,295,619,628,1320,57,608,325,1118,980,173,66,846,0,0,0,0,0,0,0,0,0,0,0,0,0,0,0,0,0,0,0,0,0,0,0,0,0,0,0,0,0,0,0,0,0,0,0,0,0,0,0,0
137,0,0,0,0,0,0,0,0,0,734,0,0,0,0,0,0,105,0,0,0,0,0,199,7,94,4,37,306,774,2282,3122,3596,3716,5133,5505,6485,4664,6028,5643,1949,3342,595,1057,1811,793,940,382,467,381,614,123,824,85,278,0,11,392,160,461,362,535,127,314,94,0,0,72,179,0,0,0,0,3,187,0,0,0,0,0,0,0,0,0,0,0,0,0,0,0,0,0,0,0,0,0,0,0,0,0
138,0,0,0,0,0,0,0,0,0,0,0,0,0,0,0,0,0,0,0,0,0,0,0,0,0,169,677,1303,139,1120,1499,2357,2887,2498,3753,4334,4097,4792,4050,2405,2168,1685,1265,288,201,651,539,1310,27,1164,770,322,44,86,287,352,0,130,0,0,199,123,287,160,442,0,0,68,298,0,368,0,0,0,0,0,0,0,0,0,0,0,675,0,0,0,0,0,0,0,0,158,0,0,0,0,0,0,0
139,0,0,0,0,0,0,0,61,0,123,0,0,0,0,0,0,0,0,0,0,0,0,0,82,0,180,382,150,397,1524,2339,1523,3039,2480,2211,1920,4073,2383,2497,4347,2448,851,1812,1314,638,828,1505,106,130,1247,431,527,77,206,331,522,1084,31,458,40,187,58,232,27,611,190,320,126,0,0,450,0,2,155,0,0,0,0,0,0,0,0,0,0,0,0,0,0,0,0,0,0,0,0,0,0,0,0,0
140,0,0,0,0,0,0,0,0,0,0,0,0,0,0,0,0,0,0,0,0,0,0,0,0,83,3,0,618,62,543,840,814,1059,2276,2435,3354,1315,2848,1591,1838,2206,1158,1960,1831,345,1058,696,208,677,477,826,164,326,762,276,0,0,6,205,0,9,327,769,98,156,0,0,351,128,2,542,146,62,0,276,212,0,0,0,0,0,0,0,0,0,0,119,86,0,0,0,0,0,0,0,0,0,0,0
141,0,0,0,0,0,0,0,0,0,0,0,0,0,0,0,0,0,0,0,0,0,0,0,0,0,229,10,0,0,0,941,860,1101,992,1196,2189,2814,2877,2444,2297,613,1595,729,821,606,813,1426,827,552,291,1719,148,634,810,575,903,8,301,721,1045,479,525,43,116,36,207,248,0,3,281,61,0,0,0,1,119,0,0,0,0,0,0,0,0,0,0,0,0,0,0,0,0,0,0,0,0,0,0,0
142,0,0,0,0,0,0,0,0,0,0,0,0,0,91,96,0,0,0,0,0,0,0,0,0,0,0,86,506,240,0,641,203,208,599,1879,357,1497,2776,1281,1000,1048,1202,1409,765,1569,1465,142,253,1051,476,28,728,621,20,418,212,291,534,54,291,21,0,0,166,528,252,333,89,439,192,93,349,147,0,305,0,0,0,219,0,0,0,0,0,0,0,0,0,0,0,0,0,0,0,0,0,0,0,0
143,0,0,0,0,0,0,0,0,0,0,0,0,0,0,0,0,0,0,0,0,0,0,0,0,0,0,110,6,325,17,288,510,1040,745,1064,1473,1061,1973,1022,1153,2110,2251,490,1848,298,361,1346,552,659,1251,828,66,675,169,784,434,449,6,163,124,236,58,0,461,180,93,157,430,179,11,521,2,235,49,266,139,68,3,394,1,185,0,0,0,0,0,0,0,0,185,0,0,0,0,0,0,0,0,0
144,0,0,0,0,0,0,0,0,0,0,0,0,0,0,0,0,0,0,0,0,0,0,0,30,101,0,0,28,144,823,284,749,732,690,1129,934,1098,1987,1578,1524,1083,635,1455,979,1483,1395,558,2174,848,1294,670,239,1604,3486,579,913,402,92,354,364,116,53,1025,589,290,130,0,0,275,141,78,292,333,516,171,0,0,463,0,0,0,0,0,0,0,0,0,0,0,0,0,0,0,0,0,0,0,0,0
145,0,0,0,0,0,0,0,0,0,0,0,0,0,0,0,0,0,0,0,0,0,0,132,4,0,0,0,558,301,101,279,314,1244,2397,913,1577,1141,1871,1719,1215,1792,1622,2021,2581,2013,1074,1728,2826,1433,911,950,1092,653,1682,1252,520,54,366,95,359,456,201,287,120,706,245,222,37,759,2,457,1109,188,83,0,114,0,0,0,0,70,54,393,0,0,0,0,0,0,364,0,0,0,0,0,0,0,0,0
146,0,0,0,0,0,0,0,0,0,0,0,0,0,0,0,0,0,0,0,0,0,0,0,0,0,0,0,107,72,4,1388,213,1062,721,2148,2132,2314,1547,2303,1089,2047,3887,2715,839,1195,3496,2974,2620,1204,2631,1991,3170,2093,2974,1975,835,2046,2676,1830,989,1070,469,732,1055,940,756,269,290,838,2317,449,741,397,756,304,131,65,226,890,72,1,326,76,0,0,0,0,0,0,0,0,0,0,0,0,0,0,0,0
147,0,0,0,0,0,0,301,3,316,0,0,0,0,0,0,0,0,0,45,123,113,105,3,0,0,120,417,157,338,0,0,187,1132,1332,3162,2358,1858,2771,3888,2792,5461,3302,2717,1918,2251,3406,2767,4348,2714,3711,3654,5080,3619,695,4119,2044,1473,1891,1350,2323,1749,641,1228,1620,1190,2278,1214,1528,673,752,1170,564,2049,996,300,117,153,47,716,277,507,0,0,0,0,0,0,0,0,0,0,0,0,0,0,0,0,0,0
148,0,0,0,170,0,0,0,0,0,0,0,0,0,0,0,70,0,0,0,0,43,224,292,0,0,0,99,421,16,192,321,700,1846,2137,3013,3069,1899,4831,7202,4084,3528,5113,4257,6159,5614,7363,3596,3864,6373,4468,4562,5007,2897,4660,3721,3564,5116,4252,3488,2131,2185,1616,1788,1162,3617,2558,1885,2836,609,768,864,812,1830,874,572,217,1050,577,562,294,227,143,0,185,32,0,0,0,0,0,0,0,0,0,0,0,0,0,0
149,0,0,0,0,0,0,0,0,0,28,60,63,0,223,234,4,0,154,4,0,0,0,0,0,137,556,177,731,789,500,853,1889,1762,2740,2819,5307,4071,6923,7929,4882,6052,3600,7640,9781,7370,7383,7190,5942,6615,7639,7270,7595,5364,6182,6023,5634,4256,4705,3688,4156,4924,3805,3736,1708,2260,3885,1901,1459,2202,3173,1614,2826,314,298,773,351,2558,747,407,648,395,273,1,493,177,0,0,69,51,0,0,0,0,0,0,0,0,0,0
150,0,0,0,0,0,0,0,0,0,0,0,0,0,0,0,0,0,0,0,0,0,0,120,584,155,68,247,226,770,741,569,865,1248,4651,2396,4449,5590,9183,8155,6653,5804,9463,7057,9544,5482,10322,9202,6882,7428,7860,8142,6886,8558,6854,7179,5202,4719,4686,8650,4591,3206,3023,4107,3563,2760,2340,2888,2812,1996,1248,1949,1699,2141,1811,725,1003,481,1061,249,565,73,43,70,44,0,0,65,47,0,246,200,0,0,0,0,0,0,0,0
151,0,0,0,0,0,0,0,0,0,0,0,0,156,360,378,0,0,0,0,0,17,53,0,0,292,0,223,225,767,1149,1456,1119,1767,3463,8186,5235,5398,5777,8800,9803,7932,9085,9075,10609,14468,10289,9678,10169,7823,8139,7143,6600,6550,8271,6562,7871,3403,7085,6861,5690,2607,4472,3065,4880,3708,3864,5152,4364,3024,3308,1978,2848,3333,1332,1434,1511,1561,557,551,0,412,196,252,0,42,29,0,59,45,0,0,0,0,0,0,0,0,0,0
152,0,0,0,0,0,0,0,0,0,0,0,0,0,0,0,165,158,0,0,0,1783,52,0,0,0,0,208,10,24,444,1315,2284,1843,4481,6048,5714,8497,11076,11391,11809,10149,7674,8604,12187,11148,11849,7858,11070,8618,12346,14174,8078,9038,4779,6769,7327,6438,7353,3973,3384,5196,5125,4248,2752,3420,2119,4555,753,1621,1892,1488,2231,1765,838,1119,684,1048,205,899,146,63,392,0,0,0,0,0,224,133,0,0,0,0,0,0,0,0,0,0
153,0,0,0,87,216,227,2,0,2,0,343,360,2,0,0,0,25,63,345,442,136,205,6,631,5,108,660,119,324,546,1060,1820,2763,2037,3739,5892,8457,11836,14210,12213,14612,8423,10776,12515,11024,9704,10226,12209,8555,11648,9856,7068,8541,8384,7528,7401,8414,7532,4733,5050,4187,3712,4361,977,3687,2795,2389,3244,3284,4408,2153,438,1227,1368,289,1451,643,1652,316,941,507,460,0,0,77,136,58,0,0,0,0,0,0,0,0,0,0,0,0
154,0,229,0,1,0,0,0,0,0,0,0,0,0,347,364,6,0,712,16,113,326,0,0,68,263,153,712,155,435,582,1284,2667,2836,3709,6022,5402,8818,8334,10388,8931,15981,11766,10676,14861,9867,10801,14810,12318,10635,11017,8737,10187,8236,9587,8781,6596,6217,6345,6516,3062,4418,4275,4696,4191,3611,2606,4129,3217,2558,2293,1922,2009,1634,2076,1542,220,1450,384,608,981,616,70,44,0,0,0,0,0,0,0,0,0,0,0,0,0,0,0,0
155,0,0,0,0,0,0,0,0,0,0,0,0,0,0,0,0,0,0,480,12,189,137,89,216,81,0,257,383,678,749,1169,325,2162,3433,7791,6981,9285,6777,12204,10484,11394,14825,8724,11930,8709,10778,9085,10693,10447,7865,6439,9922,9835,6309,6328,6094,6118,5774,4747,4030,4723,3964,2337,2781,2475,3584,4074,3990,1720,878,2329,1690,2818,709,1752,549,656,529,301,338,318,162,395,190,237,143,63,46,0,0,0,0,0,0,0,0,0,0,0
156,0,0,0,0,0,0,0,0,0,0,0,0,87,200,210,0,97,0,0,202,24,58,0,133,466,13,566,609,208,1641,401,1484,1962,3025,3978,6568,7301,6039,8044,15531,12058,9490,8186,12525,9595,9015,6764,9222,9760,7512,4667,8526,7604,5447,4324,6223,6143,6779,3923,3971,3105,3736,4840,2792,2265,2221,1201,1387,3582,1134,857,1145,1289,111,57,928,927,37,457,294,243,383,0,0,92,0,0,0,0,0,0,0,0,0,0,0,0,0,0
157,1,0,1,0,108,113,1,0,1,0,0,0,0,124,130,0,0,0,0,0,0,0,0,0,0,0,0,81,459,428,214,1590,1848,2350,2253,6321,6227,7032,8484,8489,8336,8356,7637,10347,7243,3961,6391,7802,5119,4145,4886,3385,6056,7402,3715,3459,3022,2652,2720,2857,3224,1814,3348,3378,2918,999,2748,1883,2396,2271,1211,484,1459,899,964,222,510,642,952,552,647,242,0,1,459,0,0,0,0,0,0,0,0,0,0,0,0,0,0
158,0,316,0,0,0,0,0,0,0,0,0,0,0,36,36,84,0,0,0,164,4,0,538,18,0,72,69,498,135,0,142,920,353,1022,3774,3005,4937,5375,5218,5696,6858,4532,3648,6477,5168,6158,5211,5951,5340,3932,7741,3887,4625,6122,4152,3137,4926,3308,1206,2748,1890,1368,1888,2410,2083,2998,1868,1167,349,688,1534,753,613,201,619,486,142,956,901,511,1,178,81,0,266,0,0,0,212,0,0,0,0,0,0,0,0,0,0
159,0,0,0,0,0,0,0,0,0,43,91,96,0,0,0,0,0,0,90,293,8,86,327,0,0,0,0,0,0,87,585,267,1014,1932,1108,1656,7551,5832,3589,3854,4999,5217,6019,3081,2817,3870,3389,2339,3239,3288,2756,3489,1767,3417,3111,4007,2375,2596,1270,1729,2620,1116,413,1340,1299,846,579,750,1388,112,1091,1400,1164,0,473,981,265,1,475,0,103,98,60,0,93,63,0,0,0,0,0,0,0,0,0,0,0,0,0
160,347,0,364,0,0,0,0,0,0,0,0,0,0,0,0,0,0,0,149,4,0,0,98,0,0,0,0,94,373,299,918,185,64,760,3100,2414,2198,1705,3309,2369,2220,2603,3346,3774,3033,3629,2691,3026,2556,1904,2549,1941,1647,2597,2477,1394,2727,401,1699,842,1071,1121,1628,783,971,935,1044,81,1179,201,785,479,267,298,106,51,0,98,0,0,55,1081,0,0,0,0,0,0,0,0,0,0,0,0,0,0,0,0,0
161,0,0,0,0,0,0,0,0,0,0,0,0,0,0,0,0,0,0,0,0,0,0,0,0,0,0,0,76,3,32,345,950,427,301,1001,1474,2198,1351,2666,1336,2008,1557,2779,2583,3717,1013,2056,1534,1377,619,670,2007,326,649,476,422,796,1248,871,1017,1422,419,1360,561,726,1142,503,480,436,625,110,34,0,137,0,0,0,281,149,0,0,0,0,0,0,0,0,0,0,0,0,0,0,0,0,0,0,0,0
162,0,0,0,0,0,0,0,0,0,0,0,0,0,0,0,0,0,0,0,0,0,0,0,634,0,0,0,0,0,0,0,255,382,339,396,597,700,1329,763,1289,1377,2508,2096,824,1424,1600,1752,1550,1042,1557,473,1348,409,360,343,629,431,1382,309,982,859,851,309,351,379,0,204,283,458,774,282,118,265,126,698,0,141,0,0,445,0,0,124,0,0,0,0,0,0,0,0,0,0,0,0,0,0,0,0
163,0,0,0,0,0,0,0,0,0,0,0,0,0,0,0,0,0,0,0,0,0,0,0,0,140,0,0,0,0,0,0,0,0,447,85,563,423,292,314,1036,60,988,1421,386,1051,747,620,1333,769,589,1125,559,686,305,284,848,258,92,40,485,684,266,255,521,202,195,109,490,162,61,272,324,633,0,0,0,0,195,171,0,0,0,0,0,0,0,0,0,0,0,0,0,0,0,0,0,0,0,0
164,0,0,0,0,0,0,0,0,0,0,0,0,0,0,0,0,0,0,0,0,0,0,0,51,176,0,0,0,0,0,349,22,13,63,299,330,382,220,448,386,242,1637,345,613,487,1053,241,617,559,261,469,202,722,1324,606,76,466,376,230,235,369,622,271,202,497,70,0,8,396,41,149,0,0,0,0,0,0,2,268,31,502,0,0,0,0,0,0,0,0,0,0,0,0,0,0,0,0,0,0
165,0,0,0,0,0,0,0,0,0,0,0,0,0,0,0,0,0,0,0,0,0,0,0,0,0,0,0,0,0,0,0,133,9,0,0,555,1207,332,70,17,638,1146,422,709,489,463,515,885,570,663,1210,127,82,187,353,566,42,230,377,378,135,240,204,16,0,13,520,33,234,0,0,3,179,0,0,1,81,0,0,0,0,0,0,145,0,0,0,0,0,0,0,0,0,0,0,0,0,0,0
166,0,0,0,0,0,0,0,0,0,0,0,0,0,0,0,0,0,0,0,0,0,0,0,0,0,0,0,0,0,205,12,144,63,146,305,214,10,459,473,357,379,455,369,184,803,331,783,193,218,405,507,333,85,460,207,141,88,464,167,382,426,514,0,14,420,0,0,0,179,74,30,0,3,172,0,131,3,286,68,37,137,0,0,0,0,0,309,0,0,0,0,0,0,0,0,0,0,0,0
167,0,0,0,0,0,0,0,0,0,0,0,0,0,0,0,0,0,0,0,0,0,0,0,0,0,0,0,0,0,0,0,0,0,0,12,64,0,0,892,471,1191,252,17,153,259,234,167,156,339,333,177,413,21,281,149,124,404,241,728,467,7,146,158,0,0,0,0,8,354,442,0,394,167,246,113,0,0,5,716,0,0,0,0,0,234,0,0,0,0,0,0,0,0,0,0,0,0,0,0
168,0,0,0,0,0,0,0,0,0,0,0,0,0,0,0,0,0,0,0,0,0,0,0,0,0,0,0,0,0,0,0,0,0,0,0,20,115,1053,97,132,0,423,390,236,40,209,307,0,21,225,14,172,157,229,25,213,73,1020,0,0,0,174,113,328,170,24,570,0,0,6,298,0,0,0,0,0,86,0,0,0,0,0,0,0,0,0,0,0,0,0,0,0,0,0,0,0,0,0,0
169,0,0,0,0,0,0,0,0,0,0,0,0,0,0,0,0,0,0,0,0,0,0,0,34,117,0,31,120,0,0,0,0,261,32,64,0,0,0,160,287,0,52,411,456,6,180,111,597,535,136,119,109,0,28,408,0,0,7,140,296,289,0,0,0,0,0,0,0,0,0,0,1,86,0,4,451,63,0,0,271,154,0,0,0,0,0,0,0,0,0,0,0,0,0,0,0,0,0,0
170,0,0,0,0,0,0,0,0,0,0,0,0,0,0,0,0,0,0,0,0,0,0,0,0,0,0,0,0,0,0,0,0,0,0,0,260,159,273,17,756,146,66,492,15,232,213,139,131,0,243,42,76,0,17,239,0,169,140,34,0,0,7,178,0,0,0,0,0,0,0,0,0,0,0,0,0,265,0,1,82,0,0,0,0,0,0,0,0,0,0,0,0,0,0,0,0,0,0,0
171,0,0,0,0,0,0,0,0,0,0,0,0,0,0,0,0,0,0,0,0,0,0,0,0,0,0,0,0,0,0,0,0,0,0,0,151,457,0,63,7,254,28,92,11,633,205,65,16,170,0,322,0,0,182,38,0,0,0,82,0,0,0,0,0,0,0,0,0,0,0,0,0,0,0,0,0,0,0,0,0,0,0,0,0,0,0,0,0,0,0,0,0,0,0,0,0,0,0,0
172,0,0,0,0,0,0,0,0,0,0,0,0,0,0,0,0,0,0,0,0,0,0,0,0,0,0,0,0,0,0,0,0,0,0,0,0,11,236,0,0,207,0,347,28,232,81,234,0,157,0,0,0,170,195,0,0,0,0,0,0,0,0,0,0,0,0,68,23,0,0,0,0,0,0,0,0,0,0,0,0,0,0,0,0,0,0,0,0,0,0,0,0,0,0,0,0,0,0,0
173,0,0,0,0,0,0,0,0,0,0,0,0,0,0,0,0,0,0,0,0,0,0,0,0,0,0,0,0,0,0,0,0,0,151,11,286,24,0,0,102,0,0,171,346,0,287,57,163,0,153,93,17,229,195,0,0,0,0,0,0,0,0,0,199,61,0,17,640,0,0,0,0,0,0,0,0,0,0,0,0,0,0,0,0,0,0,0,0,109,0,0,0,0,0,0,0,0,0,0
174,0,0,0,0,0,0,0,0,0,0,0,0,0,0,0,0,0,0,0,0,0,0,0,0,0,0,0,0,0,0,0,0,0,0,0,0,0,153,15,0,161,43,405,28,0,0,0,0,0,0,0,0,0,0,0,0,0,13,248,0,0,0,0,0,0,0,0,200,78,207,0,0,0,0,0,0,0,0,0,0,0,0,0,0,0,0,0,0,0,0,0,0,0,0,0,0,0,0,0
175,0,0,0,0,0,0,0,0,0,0,0,0,0,0,0,0,0,0,0,0,0,0,0,0,0,0,0,0,0,0,0,0,32,162,0,0,0,0,0,319,34,0,0,0,1014,437,93,411,327,0,0,0,0,0,0,0,0,0,0,0,0,3,89,8,257,0,0,108,40,0,0,0,0,0,0,0,0,0,0,0,0,0,0,0,0,0,0,0,0,0,0,0,0,0,0,0,0,0,0
176,0,0,0,0,0,0,0,0,0,0,0,0,0,0,0,0,0,0,0,0,0,0,0,0,0,0,0,0,0,0,0,0,0,0,0,0,0,0,0,0,0,0,0,0,28,245,0,0,0,0,0,0,0,0,0,0,0,0,0,648,172,0,0,0,0,0,0,168,0,0,0,0,0,0,0,0,0,0,0,0,0,0,0,0,0,0,0,0,0,0,0,0,0,0,0,0,0,0,0
177,0,0,0,0,0,0,0,0,0,0,0,0,0,0,0,0,0,0,0,0,0,0,0,0,0,0,0,0,0,0,0,0,0,0,0,0,0,0,0,0,522,0,101,78,10,0,0,0,0,0,0,0,6,82,0,0,0,0,0,0,0,0,0,0,71,0,0,0,0,0,0,0,0,0,0,0,0,0,0,0,0,0,0,0,0,0,0,0,0,0,0,0,0,0,0,0,0,0,0
178,0,0,0,0,0,0,0,0,0,0,0,0,0,0,0,0,0,0,0,0,0,0,0,0,0,0,0,0,0,0,0,0,0,0,0,0,0,0,0,89,9,0,0,0,0,0,0,0,0,0,0,0,0,184,0,0,0,0,0,8,166,0,0,0,0,0,0,0,0,0,0,0,0,0,74,34,0,0,0,0,0,0,0,0,0,0,0,0,0,0,0,0,0,0,0,0,0,0,0
179,0,0,0,0,0,0,0,0,0,0,0,0,0,0,0,0,0,0,0,0,0,0,0,0,0,0,0,0,0,0,0,0,0,0,0,0,0,0,0,0,0,0,0,0,0,0,0,0,0,0,0,0,0,0,0,0,0,0,81,21,0,0,0,0,0,0,0,0,0,0,0,0,0,0,0,0,0,0,0,0,1,178,0,0,0,0,0,0,0,0,0,0,0,0,110,0,0,0,0
180,0,0,0,0,0,0,0,0,0,0,0,0,0,0,0,0,0,0,0,0,0,0,0,0,0,0,0,0,0,0,0,0,0,0,0,0,0,0,0,0,0,0,159,19,349,21,0,232,7,0,0,0,0,0,0,0,0,70,0,0,0,0,0,0,0,0,0,0,0,0,0,0,0,0,0,0,0,0,0,0,0,0,0,0,0,0,0,0,0,0,0,0,0,0,0,0,0,0,0
181,0,0,0,0,0,0,0,0,0,0,0,0,0,0,0,0,0,0,0,0,0,0,0,0,0,0,0,0,0,0,0,0,0,0,0,0,0,96,594,0,0,0,0,0,0,0,0,0,0,0,0,0,0,0,0,0,0,0,0,0,0,0,0,0,0,0,0,0,0,0,0,0,0,0,0,0,0,0,0,94,0,0,0,0,0,0,0,0,0,0,0,0,0,0,0,0,0,0,0
182,0,0,0,0,0,0,0,0,0,0,0,0,0,0,0,0,0,0,0,0,0,0,0,0,0,0,0,0,0,0,0,0,0,0,0,0,0,0,277,28,0,0,0,0,0,0,0,0,0,0,0,0,0,0,0,0,0,0,81,21,0,0,0,0,0,0,0,0,0,0,0,0,0,0,0,0,0,0,0,0,0,0,0,0,0,0,0,0,0,0,0,0,0,0,0,0,0,0,0
183,0,0,0,0,0,0,0,0,0,0,0,0,0,0,0,0,0,0,0,0,0,0,0,0,0,0,0,0,886,0,0,240,16,0,0,0,0,0,0,0,126,14,0,0,0,0,0,80,12,0,0,0,0,0,0,0,0,0,0,0,0,0,0,0,0,0,0,0,0,0,0,0,0,0,0,0,0,0,0,0,174,103,0,0,0,0,0,0,0,0,0,0,0,0,0,0,0,0,0
184,0,0,0,0,0,0,0,0,0,0,0,0,0,0,0,0,0,0,0,0,0,0,0,0,0,0,0,0,0,0,0,0,0,0,0,0,0,125,12,0,0,0,0,0,0,0,0,0,0,0,0,0,0,0,0,0,0,0,0,0,0,0,0,0,0,0,0,0,0,0,0,0,0,0,0,0,0,0,0,0,0,0,0,0,0,0,0,0,0,0,0,0,0,0,0,0,0,0,0
185,0,0,0,0,0,0,0,0,0,0,0,0,0,0,0,0,0,0,0,0,0,0,0,0,0,0,0,0,0,0,0,0,0,0,0,0,0,418,0,0,0,0,0,0,0,0,0,0,0,529,91,0,0,0,0,0,0,0,0,0,0,0,97,0,0,0,0,0,0,0,0,0,0,0,0,0,0,0,0,0,0,0,0,0,0,0,0,0,0,0,0,0,0,0,0,0,0,0,0
186,0,0,0,0,0,0,0,0,0,0,0,0,0,0,0,0,0,0,0,0,0,0,0,0,0,0,0,0,0,0,0,0,0,0,0,0,0,0,0,0,0,0,0,0,0,0,0,0,0,0,0,0,120,0,0,0,0,6,108,0,0,0,0,0,0,0,0,0,0,0,0,0,0,0,0,0,0,0,0,0,0,0,0,0,0,0,0,0,0,0,0,0,0,0,0,0,0,0,0
187,0,0,0,0,0,0,0,0,0,0,0,0,0,0,0,0,0,0,0,0,0,0,0,0,0,0,0,0,0,0,0,0,0,0,0,0,0,0,10,65,0,0,0,0,0,0,0,0,0,0,480,87,208,0,0,0,0,0,10,213,0,0,0,0,0,0,0,0,0,0,0,0,0,0,0,0,0,0,0,3,471,0,0,0,0,0,0,0,0,0,0,0,0,0,0,0,0,0,0
188,0,0,0,0,0,0,0,0,0,0,0,0,0,0,0,0,0,0,0,0,0,0,0,0,0,0,0,0,0,0,0,0,0,0,0,0,0,0,0,0,0,0,0,0,0,0,0,0,0,0,87,16,0,0,0,0,0,198,48,0,0,0,0,0,0,0,0,0,0,0,0,0,0,0,0,0,0,0,0,0,0,0,0,0,0,0,0,0,0,0,0,0,0,0,0,0,0,0,0
189,0,0,0,0,0,0,0,0,0,0,0,0,0,0,0,0,0,0,0,0,0,0,0,0,0,0,0,0,0,0,0,0,0,0,0,0,0,0,0,0,0,0,0,0,0,0,0,0,0,0,0,0,0,0,0,0,0,0,0,0,0,0,0,0,0,0,0,0,0,0,0,0,0,0,0,0,0,0,0,0,0,0,0,0,0,0,0,0,0,0,0,0,0,0,0,0,0,0,0
190,0,0,0,0,0,0,0,0,0,0,0,0,0,0,0,0,0,0,0,0,0,0,0,0,0,0,0,0,0,0,0,0,0,0,0,0,0,75,464,12,81,0,0,0,0,0,146,22,0,0,0,0,0,0,0,1752,0,0,0,0,0,0,0,0,0,0,0,0,0,0,0,0,0,0,0,0,0,0,0,0,0,0,0,0,0,0,0,0,0,0,0,0,0,0,0,0,0,0,0
191,0,0,0,0,0,0,0,0,0,0,0,0,0,0,0,0,0,0,0,0,0,0,0,0,0,0,0,0,0,0,0,0,0,0,0,0,0,0,0,0,0,0,0,0,0,0,0,0,0,0,0,0,0,0,0,0,0,0,0,0,0,0,0,0,0,0,0,0,0,0,0,0,0,0,0,0,0,0,0,0,0,0,0,0,0,0,0,0,0,0,0,0,0,0,0,0,0,0,0
192,0,0,0,0,0,0,0,0,0,0,0,0,0,0,0,0,0,0,0,0,0,0,0,0,0,0,0,0,0,0,0,0,25,117,0,0,0,0,0,0,0,0,0,0,0,0,0,0,0,0,0,0,0,0,0,0,0,0,0,0,0,0,0,0,0,0,0,0,0,0,0,0,0,0,0,0,0,0,0,0,0,0,0,0,0,0,0,0,0,0,0,0,0,0,0,0,0,0,0
193,0,0,0,0,0,0,0,0,0,0,0,0,0,0,0,0,0,0,0,0,0,0,0,0,0,0,0,0,0,0,0,0,0,24,123,0,186,17,0,86,0,0,0,0,0,0,0,0,0,0,0,0,0,0,0,0,0,0,0,0,0,0,0,0,0,0,0,0,0,0,0,0,0,0,0,0,0,0,0,0,0,0,0,0,0,0,0,0,0,0,0,0,0,0,0,0,0,0,0
194,0,0,0,0,0,0,0,0,0,0,0,0,0,0,0,0,0,189,0,0,0,0,0,0,0,0,0,0,0,0,0,0,81,0,0,0,0,0,0,0,0,0,0,0,0,0,0,0,0,0,0,0,0,0,0,0,0,0,0,0,0,0,0,0,0,0,0,0,0,0,0,0,0,0,0,0,0,0,0,0,0,0,0,0,0,0,0,0,0,0,0,0,0,0,0,0,0,0,0
195,0,0,0,0,0,0,0,0,0,0,0,0,0,0,0,0,0,0,0,0,0,0,0,0,0,0,0,0,0,0,0,0,0,0,0,0,0,0,0,0,0,0,0,0,0,0,0,0,0,0,0,0,0,0,0,0,0,0,0,0,0,0,0,0,0,0,0,0,0,0,0,0,0,0,0,0,0,0,0,0,0,0,0,0,0,0,0,0,0,0,0,0,0,0,0,0,0,0,0
196,0,0,0,0,0,0,0,0,0,0,0,0,0,0,0,0,0,0,0,0,0,0,0,0,0,0,0,0,0,0,0,0,0,0,0,0,0,0,0,0,0,0,0,0,0,0,0,0,0,0,0,0,0,0,0,0,0,0,0,0,0,0,0,0,0,0,0,0,0,0,0,0,0,0,0,0,0,0,0,0,0,0,0,0,0,0,0,0,0,0,0,0,0,0,0,0,0,0,0
197,0,0,0,0,0,0,0,0,0,0,0,0,0,0,0,0,0,0,0,0,0,0,0,0,0,0,0,0,0,0,0,0,0,0,0,0,0,0,0,0,0,0,0,19,159,0,0,0,0,0,0,0,0,0,0,0,0,0,0,0,0,0,0,0,0,0,0,0,143,0,0,0,0,0,0,0,0,0,0,0,0,0,0,0,0,0,0,0,0,0,0,0,0,0,0,0,0,0,0
198,0,0,0,0,0,0,0,0,0,0,0,0,0,0,0,0,0,0,0,0,0,0,0,0,0,0,0,0,0,0,0,0,0,0,0,0,0,0,0,0,0,0,0,0,0,0,0,0,0,0,0,0,0,0,0,0,0,0,0,0,0,0,0,0,0,0,0,0,0,0,0,0,0,0,0,0,0,0,0,0,0,0,0,0,0,0,0,0,0,0,0,0,0,0,0,0,0,0,0
199,0,0,0,0,0,0,0,0,0,0,0,0,0,0,0,0,0,0,0,0,0,0,0,0,0,0,0,0,0,0,0,0,0,0,0,0,0,0,0,0,0,0,0,0,0,0,0,0,0,0,0,0,0,0,0,0,0,0,0,0,0,0,0,0,0,0,0,96,35,0,0,0,0,0,0,0,0,0,0,0,0,0,0,0,0,0,0,0,0,0,0,0,0,0,0,0,0,0,0
200,0,0,0,0,0,0,0,0,0,0,0,0,0,0,0,0,0,0,0,0,0,0,0,0,0,0,0,0,0,0,0,0,0,0,0,0,0,0,0,0,0,0,0,0,0,0,0,0,0,0,0,0,0,0,0,0,0,0,0,0,0,0,0,0,3,98,0,0,0,0,0,0,0,0,0,0,0,0,0,0,0,0,0,0,0,0,0,0,0,0,0,0,0,0,0,0,0,0,0
